WorkOrderID,ReceivedDate,CompletedDate,ClientID,ServiceLine,Department,EmployeeID,Priority,ProductionCount,BillableHours,QualityScore,ReworkFlag,SLATargetHours,AHTMinutes,TATHours,SLAMet,CompletionMonth
WO000214,2025-01-01 09:11:55,2025-01-02 21:41:19,C002,Certificate Issuance,Operations North,E006,Standard,6,2.08,93.4,No,48,20.84,36.49,Met,2025-01
WO000277,2025-01-02 08:32:20,2025-01-04 00:22:44,C004,Certificate Issuance,Operations South,E031,Standard,4,1.27,99.3,No,48,19.01,39.84,Met,2025-01
WO000303,2025-01-02 17:04:27,2025-01-04 22:33:15,C007,Policy Administration,Operations Central,E010,Standard,4,1.66,93.5,No,72,24.93,53.48,Met,2025-01
WO000052,2025-01-03 09:23:04,2025-01-05 00:11:04,C001,Policy Administration,Operations Central,E020,Standard,2,0.62,90.7,Yes,72,18.60,38.80,Met,2025-01
WO001059,2025-01-05 00:13:26,2025-01-05 10:09:14,C007,Document Retrieval,Operations North,E025,Standard,2,0.41,90.0,Yes,24,12.43,9.93,Met,2025-01
WO000954,2025-01-04 16:03:09,2025-01-06 07:16:57,C005,Direct Bill Posting,Operations North,E021,Standard,18,3.05,93.8,No,48,10.18,39.23,Met,2025-01
WO000781,2025-01-05 09:54:54,2025-01-06 09:18:54,C010,Direct Bill Posting,Operations North,E018,Standard,17,1.90,92.3,No,48,6.69,23.40,Met,2025-01
WO001703,2025-01-05 08:39:37,2025-01-06 14:21:01,C008,Direct Bill Posting,Operations Central,E036,Standard,15,2.38,99.9,No,48,9.51,29.69,Met,2025-01
WO000859,2025-01-06 00:25:08,2025-01-06 18:54:32,C013,Policy Administration,Operations South,E020,Rush,2,0.82,90.8,Yes,36,24.63,18.49,Met,2025-01
WO001700,2025-01-05 12:59:05,2025-01-07 06:30:17,C015,Direct Bill Posting,Operations Central,E034,Standard,6,0.75,90.9,Yes,48,7.52,41.52,Met,2025-01
WO000155,2025-01-07 03:05:01,2025-01-08 06:36:49,C004,Policy Administration,Operations South,E010,Standard,2,0.75,96.0,No,72,22.41,27.53,Met,2025-01
WO000337,2025-01-08 05:58:50,2025-01-08 19:10:50,C006,Document Retrieval,Operations South,E024,Standard,6,1.00,93.4,No,24,10.01,13.20,Met,2025-01
WO001675,2025-01-09 06:05:40,2025-01-10 01:29:04,C001,Direct Bill Posting,Operations Central,E020,Standard,6,0.62,91.6,No,48,6.18,19.39,Met,2025-01
WO000148,2025-01-08 14:22:30,2025-01-10 01:43:30,C012,Policy Checking,Operations Central,E021,Standard,1,0.64,91.3,No,72,38.36,35.35,Met,2025-01
WO001696,2025-01-09 12:04:17,2025-01-10 10:59:29,C003,Policy Administration,Operations Central,E029,Standard,4,1.67,93.5,No,72,25.12,22.92,Met,2025-01
WO000073,2025-01-10 03:51:21,2025-01-10 11:20:45,C015,Certificate Issuance,Operations South,E034,Rush,3,0.82,94.0,No,24,16.33,7.49,Met,2025-01
WO001111,2025-01-09 03:17:24,2025-01-10 15:27:00,C009,Policy Administration,Operations South,E034,Standard,5,1.94,96.4,No,72,23.24,36.16,Met,2025-01
WO001558,2025-01-06 01:36:14,2025-01-11 02:26:38,C002,Policy Administration,Operations North,E034,Standard,1,0.42,99.5,No,72,25.25,120.84,Not Met,2025-01
WO000358,2025-01-10 20:38:08,2025-01-11 05:56:44,C005,Document Retrieval,Operations Central,E030,Rush,1,0.26,95.8,No,12,15.39,9.31,Met,2025-01
WO000370,2025-01-09 03:12:13,2025-01-11 11:48:49,C013,Policy Checking,Operations South,E014,Standard,3,1.73,97.2,No,72,34.57,56.61,Met,2025-01
WO000760,2025-01-11 02:45:45,2025-01-12 02:01:57,C011,Policy Checking,Operations South,E020,Standard,4,2.39,98.2,No,72,35.79,23.27,Met,2025-01
WO001574,2025-01-10 23:17:44,2025-01-12 06:25:32,C013,Policy Checking,Operations North,E021,Rush,1,0.70,96.9,No,36,41.82,31.13,Met,2025-01
WO000065,2025-01-08 21:10:53,2025-01-12 11:28:53,C001,Policy Checking,Operations North,E031,Standard,1,0.65,91.8,No,72,38.77,86.30,Not Met,2025-01
WO000749,2025-01-11 00:27:57,2025-01-12 13:09:57,C003,Document Retrieval,Operations South,E001,Standard,8,1.65,92.1,No,24,12.36,36.70,Not Met,2025-01
WO001061,2025-01-11 03:16:10,2025-01-12 20:26:22,C012,Certificate Issuance,Operations Central,E006,Standard,3,1.01,94.3,No,48,20.10,41.17,Met,2025-01
WO001250,2025-01-11 11:54:05,2025-01-12 23:22:17,C011,Certificate Issuance,Operations Central,E035,Standard,6,1.90,94.3,No,48,19.04,35.47,Met,2025-01
WO000687,2025-01-11 08:57:19,2025-01-13 01:03:55,C003,Policy Checking,Operations South,E035,Standard,3,1.76,90.1,Yes,72,35.10,40.11,Met,2025-01
WO000679,2025-01-12 17:22:58,2025-01-13 01:12:10,C007,Document Retrieval,Operations North,E034,Standard,9,1.59,96.5,No,24,10.58,7.82,Met,2025-01
WO000994,2025-01-12 12:31:40,2025-01-13 03:15:28,C008,Policy Checking,Operations Central,E019,Rush,4,2.84,91.6,No,36,42.61,14.73,Met,2025-01
WO000650,2025-01-10 05:09:56,2025-01-13 10:30:56,C001,Certificate Issuance,Operations North,E034,Standard,5,1.14,99.7,No,48,13.67,77.35,Not Met,2025-01
WO001591,2025-01-11 15:40:25,2025-01-13 11:34:25,C001,Certificate Issuance,Operations South,E020,Standard,6,1.59,92.4,No,48,15.91,43.90,Met,2025-01
WO000494,2025-01-13 10:43:20,2025-01-14 14:31:20,C012,Direct Bill Posting,Operations South,E029,Standard,18,2.06,96.0,No,48,6.85,27.80,Met,2025-01
WO000850,2025-01-13 06:35:55,2025-01-15 01:52:07,C005,Policy Administration,Operations North,E002,Standard,3,1.16,94.8,No,72,23.21,43.27,Met,2025-01
WO000426,2025-01-14 10:06:45,2025-01-15 13:26:33,C008,Direct Bill Posting,Operations South,E022,Standard,18,1.96,98.6,No,48,6.54,27.33,Met,2025-01
WO000836,2025-01-14 18:41:23,2025-01-16 07:57:35,C007,Policy Administration,Operations North,E025,Standard,3,1.42,91.7,No,72,28.41,37.27,Met,2025-01
WO001399,2025-01-13 07:58:25,2025-01-16 13:32:01,C011,Policy Administration,Operations North,E017,Standard,1,0.31,90.5,Yes,72,18.86,77.56,Not Met,2025-01
WO000738,2025-01-16 06:00:14,2025-01-17 08:26:38,C006,Direct Bill Posting,Operations North,E023,Standard,9,1.03,91.7,No,48,6.86,26.44,Met,2025-01
WO001144,2025-01-16 17:54:56,2025-01-18 03:08:44,C007,Policy Checking,Operations South,E013,Rush,3,2.09,97.5,No,36,41.73,33.23,Met,2025-01
WO001788,2025-01-17 00:38:59,2025-01-18 14:04:11,C009,Policy Administration,Operations South,E033,Standard,2,0.56,96.0,No,72,16.83,37.42,Met,2025-01
WO001010,2025-01-17 22:23:47,2025-01-18 16:11:11,C014,Certificate Issuance,Operations North,E008,Standard,6,1.74,91.5,No,48,17.37,17.79,Met,2025-01
WO000492,2025-01-17 05:04:53,2025-01-19 12:11:29,C013,Policy Administration,Operations North,E035,Rush,3,1.08,99.1,No,36,21.56,55.11,Not Met,2025-01
WO001604,2025-01-19 06:42:55,2025-01-20 00:51:19,C011,Document Retrieval,Operations North,E023,Standard,10,2.29,93.5,No,24,13.74,18.14,Met,2025-01
WO000577,2025-01-17 16:10:22,2025-01-20 01:04:22,C008,Policy Administration,Operations North,E031,Standard,1,0.38,90.1,Yes,72,23.02,56.90,Met,2025-01
WO000511,2025-01-19 19:27:28,2025-01-20 07:07:04,C014,Document Retrieval,Operations South,E010,Standard,2,0.39,100.0,No,24,11.60,11.66,Met,2025-01
WO000096,2025-01-19 20:30:13,2025-01-20 17:38:37,C014,Direct Bill Posting,Operations North,E004,Standard,19,3.05,94.5,No,48,9.63,21.14,Met,2025-01
WO000569,2025-01-20 09:25:11,2025-01-21 00:47:23,C003,Document Retrieval,Operations South,E020,Standard,5,1.27,92.3,No,24,15.28,15.37,Met,2025-01
WO001246,2025-01-20 17:12:28,2025-01-21 00:48:28,C010,Document Retrieval,Operations South,E001,Standard,1,0.15,90.1,Yes,24,9.15,7.60,Met,2025-01
WO001401,2025-01-19 21:26:36,2025-01-21 02:32:00,C011,Direct Bill Posting,Operations South,E031,Standard,5,0.48,99.7,No,48,5.77,29.09,Met,2025-01
WO001518,2025-01-20 11:42:39,2025-01-21 02:56:27,C004,Document Retrieval,Operations South,E028,Standard,4,0.96,95.3,No,24,14.37,15.23,Met,2025-01
WO000395,2025-01-19 21:38:37,2025-01-21 08:18:49,C003,Certificate Issuance,Operations North,E010,Standard,1,0.38,93.2,No,48,22.86,34.67,Met,2025-01
WO000258,2025-01-19 20:04:05,2025-01-21 08:37:05,C011,Direct Bill Posting,Operations South,E036,Standard,10,1.59,94.2,No,48,9.56,36.55,Met,2025-01
WO001695,2025-01-19 05:16:20,2025-01-21 13:19:20,C015,Policy Administration,Operations North,E015,Standard,2,0.83,96.4,No,72,24.81,56.05,Met,2025-01
WO000282,2025-01-20 15:05:50,2025-01-21 14:25:02,C008,Policy Checking,Operations South,E008,Rush,1,0.77,93.5,No,36,46.45,23.32,Met,2025-01
WO000632,2025-01-17 07:38:47,2025-01-22 01:02:11,C005,Policy Administration,Operations North,E018,Standard,3,1.10,100.0,No,72,22.02,113.39,Not Met,2025-01
WO000521,2025-01-20 19:16:38,2025-01-22 15:34:38,C001,Policy Checking,Operations South,E026,Standard,1,0.74,93.9,No,72,44.16,44.30,Met,2025-01
WO000716,2025-01-22 15:05:42,2025-01-23 12:53:42,C015,Policy Administration,Operations South,E034,Rush,5,2.58,95.9,No,36,30.92,21.80,Met,2025-01
WO001445,2025-01-23 07:30:33,2025-01-24 09:28:09,C003,Direct Bill Posting,Operations North,E010,Standard,10,1.03,90.9,Yes,48,6.16,25.96,Met,2025-01
WO000855,2025-01-22 03:06:54,2025-01-24 12:00:18,C002,Policy Checking,Operations North,E029,Standard,1,0.69,99.1,No,72,41.69,56.89,Met,2025-01
WO000547,2025-01-24 07:41:53,2025-01-24 19:45:29,C006,Direct Bill Posting,Operations North,E001,Rush,10,1.64,95.8,No,24,9.84,12.06,Met,2025-01
WO000274,2025-01-24 09:01:18,2025-01-24 23:57:06,C005,Document Retrieval,Operations Central,E008,Standard,9,1.69,92.3,No,24,11.27,14.93,Met,2025-01
WO000618,2025-01-23 09:42:00,2025-01-25 00:51:36,C008,Policy Checking,Operations North,E036,Standard,4,2.13,90.6,Yes,72,31.99,39.16,Met,2025-01
WO000805,2025-01-23 21:52:47,2025-01-25 02:27:35,C001,Policy Administration,Operations North,E024,Rush,4,1.21,91.4,Yes,36,18.16,28.58,Met,2025-01
WO000790,2025-01-23 08:45:49,2025-01-25 07:27:49,C008,Policy Administration,Operations Central,E025,Standard,1,0.46,93.3,Yes,72,27.39,46.70,Met,2025-01
WO001433,2025-01-22 16:05:52,2025-01-25 21:34:40,C014,Direct Bill Posting,Operations North,E006,Standard,6,0.67,92.4,No,48,6.72,77.48,Not Met,2025-01
WO001024,2025-01-23 10:10:25,2025-01-25 23:34:25,C005,Policy Administration,Operations Central,E019,Standard,5,2.15,95.8,No,72,25.83,61.40,Met,2025-01
WO001548,2025-01-24 20:57:33,2025-01-26 01:44:57,C006,Certificate Issuance,Operations Central,E031,Standard,5,1.42,94.0,No,48,17.00,28.79,Met,2025-01
WO001299,2025-01-26 03:59:40,2025-01-27 10:27:16,C015,Certificate Issuance,Operations Central,E034,Standard,5,1.09,99.7,No,48,13.11,30.46,Met,2025-01
WO000286,2025-01-26 17:20:14,2025-01-27 12:01:38,C015,Direct Bill Posting,Operations North,E018,Rush,16,2.71,90.2,Yes,24,10.17,18.69,Met,2025-01
WO001756,2025-01-24 11:53:41,2025-01-27 19:08:05,C012,Direct Bill Posting,Operations Central,E020,Standard,17,1.71,95.0,Yes,48,6.02,79.24,Not Met,2025-01
WO000432,2025-01-26 12:25:59,2025-01-27 20:21:47,C007,Policy Checking,Operations North,E004,Standard,2,0.96,94.7,No,72,28.89,31.93,Met,2025-01
WO001297,2025-01-27 11:47:35,2025-01-28 09:06:47,C009,Certificate Issuance,Operations Central,E031,Rush,2,0.53,97.5,No,24,16.02,21.32,Met,2025-01
WO000056,2025-01-28 16:13:15,2025-01-29 22:10:51,C003,Certificate Issuance,Operations North,E012,Standard,5,1.39,93.6,No,48,16.67,29.96,Met,2025-01
WO001689,2025-01-26 10:14:00,2025-01-30 04:38:00,C015,Policy Checking,Operations North,E023,Standard,2,1.27,97.5,No,72,38.04,90.40,Not Met,2025-01
WO001048,2025-01-28 09:12:32,2025-01-30 18:23:56,C004,Policy Administration,Operations South,E017,Standard,4,1.14,96.3,No,72,17.11,57.19,Met,2025-01
WO000269,2025-01-30 13:00:22,2025-01-31 01:01:34,C006,Document Retrieval,Operations North,E029,Standard,7,1.40,95.7,No,24,12.00,12.02,Met,2025-01
WO000390,2025-01-29 11:15:27,2025-01-31 01:23:15,C010,Policy Administration,Operations South,E017,Standard,5,1.89,97.9,No,72,22.69,38.13,Met,2025-01
WO001625,2025-01-28 21:53:12,2025-01-31 01:34:00,C010,Policy Administration,Operations South,E024,Rush,1,0.43,99.3,No,36,26.03,51.68,Not Met,2025-01
WO000331,2025-01-26 21:56:44,2025-01-31 06:27:56,C013,Policy Administration,Operations North,E017,Standard,5,1.49,99.1,No,72,17.85,104.52,Not Met,2025-01
WO001281,2025-01-30 17:10:48,2025-01-31 08:27:00,C003,Certificate Issuance,Operations South,E003,Standard,4,1.09,96.7,No,48,16.35,15.27,Met,2025-01
WO000655,2025-01-31 09:58:17,2025-02-01 07:12:05,C012,Certificate Issuance,Operations Central,E008,Standard,2,0.55,94.1,Yes,48,16.50,21.23,Met,2025-02
WO001276,2025-01-31 13:22:25,2025-02-01 07:33:13,C001,Document Retrieval,Operations Central,E020,Standard,4,0.71,95.0,No,24,10.71,18.18,Met,2025-02
WO000032,2025-01-31 09:32:53,2025-02-01 07:50:53,C005,Certificate Issuance,Operations Central,E004,Rush,1,0.42,95.6,No,24,25.31,22.30,Met,2025-02
WO000626,2025-01-31 17:23:59,2025-02-01 15:27:35,C009,Direct Bill Posting,Operations North,E008,Rush,11,1.95,97.8,No,24,10.66,22.06,Met,2025-02
WO001036,2025-01-29 14:15:50,2025-02-01 20:11:02,C003,Policy Administration,Operations North,E032,Standard,3,1.24,98.6,No,72,24.83,77.92,Not Met,2025-02
WO000182,2025-01-29 06:45:59,2025-02-01 22:43:35,C004,Policy Checking,Operations North,E027,Standard,2,1.54,94.3,No,72,46.30,87.96,Not Met,2025-02
WO001697,2025-01-30 08:49:05,2025-02-02 00:41:53,C006,Direct Bill Posting,Operations Central,E032,Standard,19,3.21,97.3,No,48,10.13,63.88,Not Met,2025-02
WO000081,2025-02-01 07:43:47,2025-02-02 02:31:47,C004,Document Retrieval,Operations North,E005,Standard,2,0.38,98.6,No,24,11.43,18.80,Met,2025-02
WO000013,2025-02-01 13:28:06,2025-02-02 08:37:06,C005,Direct Bill Posting,Operations Central,E032,Standard,9,0.99,99.3,No,48,6.57,19.15,Met,2025-02
WO001398,2025-01-31 18:05:51,2025-02-02 11:16:03,C004,Policy Administration,Operations North,E029,Standard,3,1.06,97.1,No,72,21.25,41.17,Met,2025-02
WO000165,2025-01-31 19:49:28,2025-02-02 16:20:40,C001,Policy Administration,Operations North,E027,Standard,5,1.91,92.1,No,72,22.86,44.52,Met,2025-02
WO001424,2025-02-02 08:24:00,2025-02-03 23:25:12,C005,Document Retrieval,Operations North,E021,Standard,4,0.77,93.5,No,24,11.52,39.02,Not Met,2025-02
WO000248,2025-02-02 11:17:54,2025-02-04 08:39:30,C013,Policy Administration,Operations North,E004,Standard,5,2.32,92.6,No,72,27.80,45.36,Met,2025-02
WO001789,2025-02-04 01:36:43,2025-02-04 12:00:07,C004,Document Retrieval,Operations North,E025,Rush,1,0.28,95.0,No,12,16.70,10.39,Met,2025-02
WO000226,2025-02-02 19:21:28,2025-02-04 13:24:28,C007,Direct Bill Posting,Operations Central,E026,Standard,20,3.52,90.0,Yes,48,10.57,42.05,Met,2025-02
WO001472,2025-02-01 00:16:02,2025-02-04 13:53:14,C007,Certificate Issuance,Operations Central,E026,Standard,1,0.29,97.7,No,48,17.15,85.62,Not Met,2025-02
WO000406,2025-02-04 01:06:17,2025-02-04 17:18:17,C003,Direct Bill Posting,Operations North,E025,Standard,12,1.35,95.5,No,48,6.73,16.20,Met,2025-02
WO001550,2025-02-04 13:06:26,2025-02-04 20:42:26,C009,Document Retrieval,Operations South,E008,Rush,4,0.62,90.8,Yes,12,9.23,7.60,Met,2025-02
WO001626,2025-02-03 07:40:35,2025-02-05 02:23:47,C013,Policy Checking,Operations Central,E029,Standard,3,1.78,98.5,No,72,35.56,42.72,Met,2025-02
WO000230,2025-02-04 06:28:53,2025-02-05 04:18:41,C011,Document Retrieval,Operations South,E026,Standard,8,1.69,90.2,Yes,24,12.66,21.83,Met,2025-02
WO000908,2025-02-04 21:22:06,2025-02-05 05:35:18,C010,Document Retrieval,Operations Central,E006,Standard,5,0.80,97.4,No,24,9.66,8.22,Met,2025-02
WO001663,2025-02-02 11:17:48,2025-02-05 07:27:24,C012,Policy Checking,Operations Central,E013,Standard,2,1.30,97.2,No,72,38.87,68.16,Met,2025-02
WO001382,2025-02-02 14:38:12,2025-02-05 20:32:48,C002,Policy Administration,Operations Central,E024,Standard,2,0.57,92.8,No,72,17.08,77.91,Not Met,2025-02
WO001520,2025-02-04 04:28:27,2025-02-05 21:38:39,C015,Policy Checking,Operations Central,E017,Standard,4,2.39,98.4,No,72,35.91,41.17,Met,2025-02
WO000522,2025-02-05 13:09:52,2025-02-06 01:27:52,C015,Document Retrieval,Operations South,E004,Standard,1,0.21,96.5,No,24,12.60,12.30,Met,2025-02
WO000253,2025-02-05 15:42:59,2025-02-06 17:54:59,C012,Policy Checking,Operations North,E032,Standard,3,1.37,92.9,No,72,27.42,26.20,Met,2025-02
WO000573,2025-02-06 15:27:25,2025-02-07 05:28:01,C013,Policy Administration,Operations South,E026,Rush,4,1.72,92.7,No,36,25.79,14.01,Met,2025-02
WO001062,2025-02-06 14:24:57,2025-02-07 07:08:09,C004,Document Retrieval,Operations South,E007,Standard,4,0.96,95.0,No,24,14.44,16.72,Met,2025-02
WO000198,2025-02-05 18:11:19,2025-02-07 11:32:19,C003,Direct Bill Posting,Operations Central,E032,Standard,20,2.53,99.0,No,48,7.59,41.35,Met,2025-02
WO000546,2025-02-04 21:13:47,2025-02-07 15:58:11,C004,Policy Checking,Operations North,E029,Standard,4,2.40,92.9,No,72,35.94,66.74,Met,2025-02
WO001168,2025-02-06 12:23:37,2025-02-07 17:18:49,C012,Certificate Issuance,Operations Central,E008,Standard,6,1.81,96.3,No,48,18.14,28.92,Met,2025-02
WO000528,2025-02-05 13:46:29,2025-02-07 22:58:29,C011,Certificate Issuance,Operations Central,E035,Standard,2,0.62,97.4,No,48,18.47,57.20,Not Met,2025-02
WO001327,2025-02-07 19:05:13,2025-02-08 04:52:01,C014,Document Retrieval,Operations North,E020,Standard,4,0.90,92.5,No,24,13.44,9.78,Met,2025-02
WO001105,2025-02-07 04:48:31,2025-02-08 19:00:31,C011,Direct Bill Posting,Operations North,E002,Standard,5,0.86,97.4,No,48,10.29,38.20,Met,2025-02
WO000298,2025-02-07 05:20:55,2025-02-08 22:01:07,C013,Document Retrieval,Operations South,E019,Standard,5,1.33,98.3,No,24,15.98,40.67,Not Met,2025-02
WO001439,2025-02-08 05:06:37,2025-02-09 01:06:37,C007,Document Retrieval,Operations North,E011,Standard,1,0.26,90.5,Yes,24,15.85,20.00,Met,2025-02
WO000843,2025-02-07 19:38:20,2025-02-09 02:16:08,C002,Policy Checking,Operations North,E032,Standard,1,0.73,95.4,No,72,43.84,30.63,Met,2025-02
WO001481,2025-02-07 02:44:08,2025-02-09 14:33:56,C001,Certificate Issuance,Operations Central,E017,Standard,4,1.35,99.2,No,48,20.21,59.83,Not Met,2025-02
WO000210,2025-02-06 20:04:47,2025-02-09 19:05:59,C012,Direct Bill Posting,Operations North,E012,Standard,14,1.39,98.5,No,48,5.97,71.02,Not Met,2025-02
WO001337,2025-02-07 16:06:18,2025-02-10 02:21:54,C015,Policy Checking,Operations North,E026,Standard,1,0.48,98.8,No,72,28.95,58.26,Met,2025-02
WO001593,2025-02-06 23:38:01,2025-02-10 05:19:25,C004,Direct Bill Posting,Operations North,E028,Standard,20,3.27,92.0,No,48,9.81,77.69,Not Met,2025-02
WO001282,2025-02-08 18:55:44,2025-02-10 14:32:56,C001,Policy Checking,Operations Central,E035,Standard,1,0.44,94.9,No,72,26.11,43.62,Met,2025-02
WO000379,2025-02-10 01:26:55,2025-02-10 18:21:31,C002,Direct Bill Posting,Operations Central,E010,Rush,5,0.55,93.1,No,24,6.65,16.91,Met,2025-02
WO001035,2025-02-09 07:54:02,2025-02-10 20:34:50,C013,Direct Bill Posting,Operations South,E013,Standard,14,2.15,92.2,No,48,9.23,36.68,Met,2025-02
WO000288,2025-02-09 03:33:41,2025-02-11 09:56:29,C007,Policy Checking,Operations Central,E001,Standard,3,1.76,97.7,Yes,72,35.21,54.38,Met,2025-02
WO000006,2025-02-10 09:37:25,2025-02-11 15:19:25,C004,Direct Bill Posting,Operations North,E019,Standard,14,2.25,90.3,Yes,48,9.66,29.70,Met,2025-02
WO001629,2025-02-07 20:56:25,2025-02-11 19:51:01,C003,Policy Administration,Operations South,E022,Standard,1,0.41,96.7,No,72,24.52,94.91,Not Met,2025-02
WO000830,2025-02-10 15:26:19,2025-02-11 22:13:43,C011,Policy Administration,Operations Central,E013,Rush,4,1.93,96.7,No,36,29.00,30.79,Met,2025-02
WO000916,2025-02-10 18:37:39,2025-02-12 07:44:15,C010,Policy Administration,Operations South,E023,Standard,1,0.49,96.2,No,72,29.37,37.11,Met,2025-02
WO000816,2025-02-09 16:16:56,2025-02-12 10:22:56,C006,Policy Checking,Operations South,E008,Standard,4,2.73,92.0,No,72,41.02,66.10,Met,2025-02
WO000383,2025-02-12 02:51:33,2025-02-13 00:02:57,C004,Certificate Issuance,Operations South,E012,Standard,3,0.75,99.4,No,48,14.92,21.19,Met,2025-02
WO000152,2025-02-11 23:27:41,2025-02-13 06:44:29,C002,Direct Bill Posting,Operations Central,E036,Standard,11,1.19,99.0,No,48,6.50,31.28,Met,2025-02
WO001278,2025-02-13 05:04:44,2025-02-13 14:55:08,C012,Document Retrieval,Operations South,E016,Standard,6,1.01,97.3,No,24,10.06,9.84,Met,2025-02
WO001505,2025-02-12 18:15:22,2025-02-13 21:37:34,C008,Certificate Issuance,Operations South,E013,Standard,3,0.74,97.4,No,48,14.77,27.37,Met,2025-02
WO000740,2025-02-11 21:11:14,2025-02-14 14:14:50,C003,Policy Administration,Operations North,E011,Standard,1,0.40,94.6,No,72,24.01,65.06,Met,2025-02
WO000064,2025-02-14 12:29:12,2025-02-15 01:31:36,C009,Certificate Issuance,Operations South,E033,Rush,4,1.68,91.7,No,24,25.20,13.04,Met,2025-02
WO001483,2025-02-13 23:08:18,2025-02-15 03:16:42,C013,Policy Administration,Operations North,E017,Standard,2,0.96,91.3,No,72,28.80,28.14,Met,2025-02
WO000995,2025-02-14 10:20:02,2025-02-15 09:28:26,C001,Policy Checking,Operations Central,E033,Standard,1,0.48,96.5,No,72,28.70,23.14,Met,2025-02
WO000841,2025-02-13 00:34:34,2025-02-15 14:05:46,C015,Policy Administration,Operations Central,E028,Standard,4,1.53,91.6,No,72,22.92,61.52,Met,2025-02
WO000118,2025-02-14 16:50:59,2025-02-15 14:45:35,C009,Document Retrieval,Operations South,E010,Standard,7,1.42,93.8,No,24,12.14,21.91,Met,2025-02
WO000767,2025-02-13 00:59:56,2025-02-15 15:13:08,C005,Policy Checking,Operations Central,E030,Standard,2,0.99,97.1,No,72,29.80,62.22,Met,2025-02
WO001371,2025-02-16 01:14:10,2025-02-16 10:36:22,C004,Document Retrieval,Operations South,E001,Rush,8,1.79,97.4,No,12,13.42,9.37,Met,2025-02
WO000509,2025-02-15 23:05:34,2025-02-16 11:07:58,C014,Document Retrieval,Operations South,E034,Standard,5,1.32,99.3,No,24,15.79,12.04,Met,2025-02
WO001681,2025-02-15 00:33:36,2025-02-16 11:25:12,C014,Policy Checking,Operations North,E024,Standard,4,2.31,99.9,No,72,34.72,34.86,Met,2025-02
WO000706,2025-02-15 06:46:37,2025-02-16 21:17:49,C008,Policy Checking,Operations South,E010,Standard,2,1.55,99.1,No,72,46.51,38.52,Met,2025-02
WO001143,2025-02-15 17:26:15,2025-02-17 13:52:03,C010,Direct Bill Posting,Operations South,E026,Standard,12,1.82,96.6,No,48,9.11,44.43,Met,2025-02
WO001627,2025-02-16 00:07:35,2025-02-17 15:27:23,C012,Direct Bill Posting,Operations South,E034,Standard,11,1.41,95.3,No,48,7.70,39.33,Met,2025-02
WO001555,2025-02-16 01:20:22,2025-02-17 16:28:10,C014,Certificate Issuance,Operations South,E010,Standard,3,0.85,92.0,No,48,17.05,39.13,Met,2025-02
WO001717,2025-02-15 19:19:51,2025-02-17 21:27:39,C015,Policy Administration,Operations Central,E021,Standard,5,2.44,90.9,Yes,72,29.30,50.13,Met,2025-02
WO000345,2025-02-16 21:48:10,2025-02-18 03:39:46,C008,Policy Checking,Operations Central,E036,Standard,2,1.14,97.6,No,72,34.25,29.86,Met,2025-02
WO000066,2025-02-17 22:01:24,2025-02-18 11:49:24,C014,Document Retrieval,Operations South,E032,Standard,5,1.02,94.9,No,24,12.19,13.80,Met,2025-02
WO000459,2025-02-17 22:43:47,2025-02-18 11:58:47,C005,Document Retrieval,Operations North,E004,Standard,6,1.39,98.5,No,24,13.89,13.25,Met,2025-02
WO000708,2025-02-16 22:16:32,2025-02-18 15:27:56,C005,Policy Administration,Operations North,E010,Rush,1,0.44,96.5,No,36,26.55,41.19,Not Met,2025-02
WO000689,2025-02-18 10:40:24,2025-02-19 01:53:00,C015,Direct Bill Posting,Operations Central,E019,Standard,12,1.23,99.4,No,48,6.16,15.21,Met,2025-02
WO000414,2025-02-18 13:55:18,2025-02-19 09:42:42,C015,Document Retrieval,Operations North,E022,Standard,3,0.45,96.0,No,24,9.08,19.79,Met,2025-02
WO001578,2025-02-17 22:14:58,2025-02-19 10:10:46,C010,Document Retrieval,Operations Central,E013,Standard,9,1.38,91.2,No,24,9.19,35.93,Not Met,2025-02
WO000283,2025-02-17 08:45:54,2025-02-19 12:29:06,C006,Certificate Issuance,Operations South,E009,Standard,3,1.15,98.1,No,48,22.96,51.72,Not Met,2025-02
WO000120,2025-02-19 14:16:43,2025-02-19 20:08:19,C005,Document Retrieval,Operations North,E004,Rush,1,0.19,99.1,No,12,11.65,5.86,Met,2025-02
WO001572,2025-02-19 17:19:36,2025-02-19 23:02:12,C006,Document Retrieval,Operations South,E023,Rush,7,1.72,95.6,No,12,14.71,5.71,Met,2025-02
WO001009,2025-02-18 22:37:15,2025-02-20 00:13:51,C012,Document Retrieval,Operations Central,E030,Standard,7,1.61,94.6,No,24,13.77,25.61,Not Met,2025-02
WO000373,2025-02-19 08:59:40,2025-02-20 00:21:16,C012,Document Retrieval,Operations Central,E021,Rush,1,0.18,93.1,No,12,10.96,15.36,Not Met,2025-02
WO000392,2025-02-20 01:13:21,2025-02-20 23:02:33,C002,Direct Bill Posting,Operations South,E029,Standard,10,1.46,91.7,No,48,8.74,21.82,Met,2025-02
WO001222,2025-02-19 09:56:01,2025-02-21 00:50:01,C004,Certificate Issuance,Operations Central,E002,Standard,3,1.09,98.6,No,48,21.90,38.90,Met,2025-02
WO000328,2025-02-20 21:53:18,2025-02-21 07:23:18,C002,Document Retrieval,Operations Central,E008,Rush,9,1.37,96.1,No,12,9.11,9.50,Met,2025-02
WO000166,2025-02-19 19:44:57,2025-02-21 08:29:57,C015,Certificate Issuance,Operations Central,E001,Rush,6,1.49,94.8,No,24,14.86,36.75,Not Met,2025-02
WO001150,2025-02-19 00:08:57,2025-02-21 17:35:21,C014,Policy Administration,Operations Central,E025,Standard,4,1.31,91.7,No,72,19.68,65.44,Met,2025-02
WO001210,2025-02-20 19:35:43,2025-02-22 07:47:43,C006,Direct Bill Posting,Operations Central,E035,Standard,12,1.44,90.9,Yes,48,7.19,36.20,Met,2025-02
WO001190,2025-02-21 19:26:14,2025-02-22 13:52:02,C014,Document Retrieval,Operations South,E016,Standard,9,1.98,99.8,No,24,13.17,18.43,Met,2025-02
WO001542,2025-02-21 16:29:58,2025-02-22 14:52:46,C015,Document Retrieval,Operations Central,E011,Standard,7,1.12,90.1,Yes,24,9.62,22.38,Met,2025-02
WO001748,2025-02-21 08:43:11,2025-02-22 16:37:47,C013,Policy Checking,Operations South,E021,Rush,1,0.66,96.7,No,36,39.33,31.91,Met,2025-02
WO001658,2025-02-20 16:51:14,2025-02-22 19:53:02,C006,Policy Checking,Operations North,E006,Rush,1,0.57,90.5,Yes,36,34.44,51.03,Not Met,2025-02
WO001723,2025-02-22 18:26:52,2025-02-23 04:55:40,C009,Document Retrieval,Operations Central,E028,Standard,5,1.32,91.6,No,24,15.84,10.48,Met,2025-02
WO000777,2025-02-22 11:56:28,2025-02-23 15:27:40,C002,Direct Bill Posting,Operations Central,E006,Standard,6,0.62,95.1,No,48,6.15,27.52,Met,2025-02
WO000720,2025-02-22 09:36:06,2025-02-24 03:13:18,C004,Policy Administration,Operations Central,E022,Standard,1,0.38,97.3,No,72,22.57,41.62,Met,2025-02
WO000748,2025-02-24 15:21:18,2025-02-25 05:27:54,C009,Document Retrieval,Operations North,E026,Standard,8,1.33,99.3,No,24,9.95,14.11,Met,2025-02
WO000129,2025-02-23 23:48:45,2025-02-25 17:29:33,C010,Certificate Issuance,Operations South,E032,Standard,3,0.65,94.6,No,48,12.97,41.68,Met,2025-02
WO001189,2025-02-25 08:15:24,2025-02-26 02:05:48,C011,Policy Administration,Operations North,E012,Rush,1,0.50,96.6,Yes,36,30.27,17.84,Met,2025-02
WO000069,2025-02-25 01:42:56,2025-02-26 10:02:44,C007,Direct Bill Posting,Operations North,E003,Standard,18,3.11,96.3,No,48,10.36,32.33,Met,2025-02
WO000374,2025-02-23 01:03:46,2025-02-26 13:09:10,C012,Policy Administration,Operations Central,E027,Standard,2,0.85,92.8,No,72,25.49,84.09,Not Met,2025-02
WO001104,2025-02-25 10:12:22,2025-02-27 10:12:58,C007,Policy Checking,Operations North,E021,Standard,2,1.02,90.2,Yes,72,30.54,48.01,Met,2025-02
WO001157,2025-02-25 02:43:01,2025-02-27 13:35:13,C008,Policy Administration,Operations Central,E027,Standard,4,1.08,93.6,No,72,16.13,58.87,Met,2025-02
WO001184,2025-02-27 01:50:01,2025-02-27 18:12:13,C001,Document Retrieval,Operations Central,E005,Standard,10,1.95,92.1,No,24,11.68,16.37,Met,2025-02
WO001655,2025-02-26 04:10:08,2025-02-28 01:08:20,C015,Policy Checking,Operations Central,E004,Standard,3,2.31,92.0,No,72,46.19,44.97,Met,2025-02
WO001431,2025-02-23 11:13:03,2025-02-28 01:19:39,C004,Policy Checking,Operations South,E017,Standard,1,0.71,93.3,No,72,42.48,110.11,Not Met,2025-02
WO000404,2025-02-22 21:19:47,2025-02-28 09:38:23,C008,Policy Administration,Operations North,E034,Standard,4,1.21,98.5,No,72,18.08,132.31,Not Met,2025-02
WO001277,2025-02-24 16:10:12,2025-02-28 09:38:24,C015,Certificate Issuance,Operations Central,E007,Standard,5,1.24,93.8,No,48,14.93,89.47,Not Met,2025-02
WO001145,2025-02-27 11:02:04,2025-02-28 17:11:04,C005,Policy Checking,Operations North,E023,Rush,4,1.77,90.3,Yes,36,26.54,30.15,Met,2025-02
WO000332,2025-02-26 08:38:18,2025-02-28 21:08:18,C005,Direct Bill Posting,Operations South,E028,Standard,13,1.94,100.0,No,48,8.96,60.50,Not Met,2025-02
WO000671,2025-02-28 15:47:42,2025-03-01 10:10:30,C009,Direct Bill Posting,Operations North,E009,Standard,14,2.16,98.6,No,48,9.24,18.38,Met,2025-03
WO000020,2025-02-28 15:14:16,2025-03-01 13:49:04,C013,Certificate Issuance,Operations Central,E012,Standard,5,1.57,99.0,No,48,18.79,22.58,Met,2025-03
WO000910,2025-02-27 13:21:18,2025-03-01 21:21:18,C010,Policy Administration,Operations North,E032,Standard,2,0.97,97.3,No,72,29.16,56.00,Met,2025-03
WO000324,2025-03-01 01:34:18,2025-03-01 22:05:30,C009,Document Retrieval,Operations North,E028,Standard,10,2.10,97.2,No,24,12.60,20.52,Met,2025-03
WO000280,2025-02-26 21:10:51,2025-03-02 05:28:51,C002,Certificate Issuance,Operations Central,E018,Standard,6,1.90,96.1,No,48,19.03,80.30,Not Met,2025-03
WO000928,2025-02-28 22:52:17,2025-03-02 12:18:41,C002,Certificate Issuance,Operations Central,E014,Standard,4,1.04,96.2,No,48,15.62,37.44,Met,2025-03
WO001264,2025-02-28 04:32:27,2025-03-02 18:24:03,C005,Policy Administration,Operations South,E017,Standard,5,1.62,99.0,No,72,19.42,61.86,Met,2025-03
WO000381,2025-02-28 06:36:17,2025-03-02 21:44:05,C009,Certificate Issuance,Operations South,E017,Standard,1,0.30,93.3,No,48,18.29,63.13,Not Met,2025-03
WO000652,2025-03-02 19:53:35,2025-03-04 18:39:11,C003,Policy Administration,Operations North,E011,Standard,3,0.92,91.1,No,72,18.30,46.76,Met,2025-03
WO000227,2025-03-03 11:05:25,2025-03-05 21:15:37,C013,Policy Checking,Operations North,E034,Standard,3,2.28,95.2,No,72,45.65,58.17,Met,2025-03
WO000666,2025-03-04 17:28:36,2025-03-06 07:50:48,C005,Direct Bill Posting,Operations North,E008,Standard,7,0.76,92.3,No,48,6.53,38.37,Met,2025-03
WO001236,2025-03-04 03:37:04,2025-03-07 12:31:04,C009,Certificate Issuance,Operations North,E015,Standard,4,1.08,91.5,No,48,16.16,80.90,Not Met,2025-03
WO000156,2025-03-07 04:43:34,2025-03-07 16:45:58,C015,Document Retrieval,Operations Central,E036,Standard,9,1.62,95.9,No,24,10.77,12.04,Met,2025-03
WO001029,2025-03-07 11:24:28,2025-03-08 04:59:16,C011,Certificate Issuance,Operations North,E018,Standard,2,0.73,92.8,No,48,21.80,17.58,Met,2025-03
WO001579,2025-03-06 19:43:57,2025-03-08 08:25:21,C014,Policy Checking,Operations Central,E019,Standard,1,0.75,93.2,No,72,44.72,36.69,Met,2025-03
WO001226,2025-03-07 07:48:01,2025-03-08 11:55:13,C008,Policy Checking,Operations South,E015,Standard,4,1.70,98.2,No,72,25.54,28.12,Met,2025-03
WO000257,2025-03-09 04:39:31,2025-03-09 08:46:43,C010,Document Retrieval,Operations South,E018,Rush,6,1.52,98.5,Yes,12,15.18,4.12,Met,2025-03
WO000225,2025-03-07 21:38:06,2025-03-09 09:15:54,C005,Direct Bill Posting,Operations North,E012,Standard,6,0.58,98.5,No,48,5.83,35.63,Met,2025-03
WO001100,2025-03-08 15:44:03,2025-03-09 20:42:51,C003,Policy Checking,Operations North,E022,Rush,2,0.93,96.2,No,36,27.78,28.98,Met,2025-03
WO000936,2025-03-08 03:39:51,2025-03-10 05:00:15,C004,Direct Bill Posting,Operations North,E010,Standard,5,0.75,99.2,No,48,9.03,49.34,Not Met,2025-03
WO001597,2025-03-09 18:34:55,2025-03-10 06:25:55,C015,Document Retrieval,Operations South,E023,Standard,2,0.30,99.7,No,24,9.09,11.85,Met,2025-03
WO000354,2025-03-08 08:22:37,2025-03-10 14:25:37,C015,Policy Checking,Operations South,E022,Rush,3,1.58,95.3,No,36,31.57,54.05,Not Met,2025-03
WO001632,2025-03-10 13:41:23,2025-03-11 00:10:11,C008,Document Retrieval,Operations Central,E014,Standard,10,2.45,90.0,Yes,24,14.70,10.48,Met,2025-03
WO000061,2025-03-09 22:53:20,2025-03-12 16:55:08,C008,Policy Checking,Operations Central,E011,Standard,1,0.69,95.6,No,72,41.27,66.03,Met,2025-03
WO001161,2025-03-10 22:45:36,2025-03-12 21:53:24,C002,Policy Administration,Operations South,E029,Standard,2,0.69,91.9,No,72,20.55,47.13,Met,2025-03
WO000964,2025-03-09 18:59:23,2025-03-13 11:11:23,C007,Policy Administration,Operations South,E016,Standard,1,0.28,95.2,No,72,16.90,88.20,Not Met,2025-03
WO001794,2025-03-12 00:38:25,2025-03-13 17:38:25,C008,Policy Checking,Operations Central,E035,Standard,3,1.32,91.9,No,72,26.40,41.00,Met,2025-03
WO000075,2025-03-13 09:17:53,2025-03-14 05:23:53,C004,Direct Bill Posting,Operations South,E009,Standard,16,1.91,95.2,No,48,7.15,20.10,Met,2025-03
WO000153,2025-03-12 18:28:29,2025-03-14 17:30:53,C001,Policy Checking,Operations Central,E031,Standard,1,0.48,92.4,No,72,28.99,47.04,Met,2025-03
WO000473,2025-03-12 18:03:09,2025-03-14 19:28:57,C005,Policy Checking,Operations North,E031,Standard,1,0.78,99.9,No,72,46.85,49.43,Met,2025-03
WO000456,2025-03-13 11:31:32,2025-03-14 20:35:08,C001,Policy Checking,Operations North,E024,Standard,4,1.74,90.6,Yes,72,26.05,33.06,Met,2025-03
WO001485,2025-03-13 15:19:41,2025-03-15 01:31:05,C005,Direct Bill Posting,Operations Central,E026,Standard,18,2.60,95.3,No,48,8.67,34.19,Met,2025-03
WO000136,2025-03-14 08:37:39,2025-03-15 05:47:51,C008,Certificate Issuance,Operations Central,E012,Standard,2,0.74,91.6,No,48,22.13,21.17,Met,2025-03
WO000986,2025-03-14 17:18:00,2025-03-15 06:22:48,C002,Policy Administration,Operations South,E002,Rush,2,0.75,97.9,No,36,22.53,13.08,Met,2025-03
WO000302,2025-03-13 14:48:12,2025-03-15 23:44:36,C002,Policy Administration,Operations Central,E036,Standard,2,0.65,97.7,No,72,19.41,56.94,Met,2025-03
WO000042,2025-03-14 15:18:06,2025-03-16 06:01:54,C010,Direct Bill Posting,Operations South,E024,Standard,6,0.80,96.7,No,48,8.00,38.73,Met,2025-03
WO001106,2025-03-15 02:47:45,2025-03-16 07:15:21,C009,Policy Checking,Operations North,E023,Standard,4,2.35,96.7,No,72,35.30,28.46,Met,2025-03
WO001017,2025-03-14 19:57:22,2025-03-16 10:35:46,C015,Direct Bill Posting,Operations South,E031,Standard,14,1.96,91.7,No,48,8.38,38.64,Met,2025-03
WO001582,2025-03-13 19:45:05,2025-03-16 12:13:53,C010,Certificate Issuance,Operations South,E003,Standard,1,0.29,90.7,Yes,48,17.40,64.48,Not Met,2025-03
WO000636,2025-03-15 09:58:01,2025-03-16 13:44:49,C008,Policy Checking,Operations North,E028,Standard,4,2.57,98.1,No,72,38.51,27.78,Met,2025-03
WO000948,2025-03-15 18:25:34,2025-03-17 00:49:34,C015,Policy Checking,Operations South,E032,Standard,4,1.73,93.0,No,72,26.02,30.40,Met,2025-03
WO001025,2025-03-16 10:00:10,2025-03-17 01:31:22,C003,Certificate Issuance,Operations Central,E027,Standard,5,1.23,98.0,No,48,14.75,15.52,Met,2025-03
WO001169,2025-03-16 03:38:27,2025-03-17 02:37:15,C013,Policy Administration,Operations South,E032,Standard,5,2.06,92.0,No,72,24.70,22.98,Met,2025-03
WO000970,2025-03-16 14:13:44,2025-03-17 09:10:44,C009,Document Retrieval,Operations Central,E021,Standard,8,1.66,97.8,No,24,12.42,18.95,Met,2025-03
WO000840,2025-03-15 15:37:08,2025-03-17 09:55:44,C005,Policy Checking,Operations Central,E018,Standard,2,1.16,96.4,No,72,34.76,42.31,Met,2025-03
WO001098,2025-03-16 14:26:11,2025-03-17 21:32:11,C010,Certificate Issuance,Operations Central,E008,Standard,3,0.86,93.2,No,48,17.22,31.10,Met,2025-03
WO000575,2025-03-16 22:47:58,2025-03-17 22:07:46,C001,Policy Administration,Operations North,E014,Standard,5,1.76,98.6,No,72,21.17,23.33,Met,2025-03
WO000501,2025-03-18 06:24:33,2025-03-18 15:53:21,C012,Document Retrieval,Operations North,E015,Rush,6,1.56,95.4,No,12,15.64,9.48,Met,2025-03
WO000236,2025-03-18 08:17:16,2025-03-19 02:49:04,C002,Direct Bill Posting,Operations South,E029,Standard,17,1.99,99.6,No,48,7.01,18.53,Met,2025-03
WO001525,2025-03-18 08:03:24,2025-03-19 03:06:24,C001,Direct Bill Posting,Operations South,E020,Standard,16,2.74,96.6,No,48,10.28,19.05,Met,2025-03
WO000905,2025-03-16 14:52:07,2025-03-19 09:56:19,C002,Direct Bill Posting,Operations North,E034,Standard,8,1.14,92.4,No,48,8.56,67.07,Not Met,2025-03
WO001372,2025-03-19 00:40:12,2025-03-19 11:02:24,C012,Direct Bill Posting,Operations Central,E021,Rush,6,0.62,92.4,No,24,6.24,10.37,Met,2025-03
WO001740,2025-03-19 07:09:35,2025-03-20 11:57:35,C002,Policy Checking,Operations Central,E033,Standard,1,0.65,96.9,No,72,38.98,28.80,Met,2025-03
WO000800,2025-03-19 04:29:07,2025-03-20 23:02:43,C014,Direct Bill Posting,Operations North,E008,Standard,15,2.47,98.6,No,48,9.88,42.56,Met,2025-03
WO001478,2025-03-20 11:32:59,2025-03-21 11:59:59,C009,Policy Checking,Operations South,E021,Rush,1,0.72,94.6,No,36,42.96,24.45,Met,2025-03
WO000947,2025-03-18 13:55:53,2025-03-21 16:10:53,C015,Certificate Issuance,Operations South,E003,Standard,4,1.32,99.8,No,48,19.83,74.25,Not Met,2025-03
WO000062,2025-03-20 02:30:48,2025-03-21 22:44:00,C007,Direct Bill Posting,Operations Central,E028,Standard,13,1.77,93.7,No,48,8.15,44.22,Met,2025-03
WO001043,2025-03-20 03:24:08,2025-03-22 00:13:20,C004,Policy Checking,Operations South,E032,Standard,4,2.56,92.7,No,72,38.39,44.82,Met,2025-03
WO001577,2025-03-20 04:09:01,2025-03-22 02:24:01,C010,Policy Checking,Operations South,E029,Standard,4,2.32,98.5,No,72,34.74,46.25,Met,2025-03
WO001300,2025-03-20 16:25:05,2025-03-22 11:00:29,C007,Certificate Issuance,Operations South,E013,Standard,2,0.56,97.3,No,48,16.67,42.59,Met,2025-03
WO000724,2025-03-22 10:01:56,2025-03-22 18:51:08,C003,Document Retrieval,Operations South,E005,Rush,6,1.06,98.1,No,12,10.64,8.82,Met,2025-03
WO001194,2025-03-21 12:10:08,2025-03-23 02:01:44,C009,Direct Bill Posting,Operations South,E021,Standard,19,3.07,90.1,Yes,48,9.68,37.86,Met,2025-03
WO000935,2025-03-21 00:53:30,2025-03-23 11:38:30,C011,Direct Bill Posting,Operations South,E021,Standard,19,2.80,95.8,No,48,8.84,58.75,Not Met,2025-03
WO000071,2025-03-22 10:52:05,2025-03-23 20:49:05,C005,Policy Administration,Operations North,E035,Standard,4,1.48,92.2,No,72,22.22,33.95,Met,2025-03
WO000739,2025-03-23 16:36:38,2025-03-24 13:24:38,C005,Certificate Issuance,Operations North,E015,Standard,2,0.76,97.5,No,48,22.72,20.80,Met,2025-03
WO000808,2025-03-23 12:56:24,2025-03-24 20:25:12,C015,Direct Bill Posting,Operations South,E022,Standard,10,0.97,91.6,No,48,5.82,31.48,Met,2025-03
WO000403,2025-03-24 12:30:18,2025-03-25 03:54:18,C015,Document Retrieval,Operations South,E025,Standard,4,0.67,98.0,No,24,10.10,15.40,Met,2025-03
WO001411,2025-03-24 20:58:10,2025-03-25 10:25:46,C014,Document Retrieval,Operations Central,E006,Standard,10,2.49,96.0,No,24,14.92,13.46,Met,2025-03
WO001446,2025-03-24 11:18:43,2025-03-26 02:12:43,C013,Policy Checking,Operations North,E034,Standard,1,0.63,94.8,No,72,37.50,38.90,Met,2025-03
WO001068,2025-03-24 04:52:46,2025-03-26 06:53:58,C002,Policy Checking,Operations North,E028,Standard,3,1.92,98.9,No,72,38.48,50.02,Met,2025-03
WO001672,2025-03-21 00:59:37,2025-03-26 11:53:37,C009,Policy Checking,Operations South,E002,Standard,4,2.16,91.5,No,72,32.34,130.90,Not Met,2025-03
WO001155,2025-03-25 17:16:46,2025-03-27 08:14:22,C008,Direct Bill Posting,Operations North,E006,Standard,15,2.52,90.3,Yes,48,10.09,38.96,Met,2025-03
WO001175,2025-03-25 16:34:18,2025-03-27 08:54:06,C015,Certificate Issuance,Operations Central,E005,Standard,3,1.03,94.4,No,48,20.68,40.33,Met,2025-03
WO001136,2025-03-26 21:21:19,2025-03-27 11:37:31,C003,Document Retrieval,Operations South,E006,Standard,3,0.66,93.8,No,24,13.11,14.27,Met,2025-03
WO000595,2025-03-26 09:12:27,2025-03-27 12:55:03,C011,Certificate Issuance,Operations Central,E016,Standard,3,0.75,98.4,No,48,14.96,27.71,Met,2025-03
WO001003,2025-03-24 21:58:06,2025-03-28 04:28:42,C011,Policy Administration,Operations North,E033,Standard,4,1.29,98.5,No,72,19.29,78.51,Not Met,2025-03
WO000537,2025-03-24 20:53:43,2025-03-28 08:54:55,C001,Policy Checking,Operations North,E003,Standard,2,1.20,91.9,No,72,36.06,84.02,Not Met,2025-03
WO001698,2025-03-28 05:05:59,2025-03-28 11:28:11,C011,Document Retrieval,Operations North,E029,Rush,10,2.79,94.4,No,12,16.72,6.37,Met,2025-03
WO001502,2025-03-28 07:19:23,2025-03-28 15:31:23,C001,Direct Bill Posting,Operations South,E022,Rush,18,2.72,99.3,No,24,9.07,8.20,Met,2025-03
WO000266,2025-03-28 18:54:56,2025-03-29 07:52:32,C004,Document Retrieval,Operations South,E033,Standard,3,0.49,93.9,No,24,9.71,12.96,Met,2025-03
WO001785,2025-03-29 08:19:43,2025-03-29 18:16:43,C007,Document Retrieval,Operations North,E007,Rush,1,0.17,97.7,No,12,9.91,9.95,Met,2025-03
WO001580,2025-03-30 03:55:22,2025-03-30 20:19:58,C003,Document Retrieval,Operations North,E026,Standard,8,1.75,97.9,No,24,13.10,16.41,Met,2025-03
WO001102,2025-03-29 18:56:12,2025-03-30 20:25:36,C010,Policy Administration,Operations North,E011,Standard,3,1.38,96.8,No,72,27.63,25.49,Met,2025-03
WO000200,2025-03-28 13:21:16,2025-03-31 03:27:52,C006,Policy Checking,Operations Central,E001,Standard,4,2.84,95.1,No,72,42.64,62.11,Met,2025-03
WO001493,2025-03-30 11:40:08,2025-03-31 03:36:32,C013,Direct Bill Posting,Operations Central,E029,Standard,7,0.73,90.4,Yes,48,6.26,15.94,Met,2025-03
WO001742,2025-03-29 01:57:57,2025-03-31 06:32:45,C006,Policy Checking,Operations Central,E028,Standard,1,0.42,95.5,No,72,25.36,52.58,Met,2025-03
WO001179,2025-03-30 06:56:36,2025-03-31 12:27:48,C015,Policy Checking,Operations South,E012,Standard,1,0.69,92.7,No,72,41.14,29.52,Met,2025-03
WO001138,2025-03-31 08:20:09,2025-03-31 23:33:57,C014,Policy Checking,Operations South,E012,Rush,3,1.93,90.5,Yes,36,38.58,15.23,Met,2025-03
WO000229,2025-03-31 06:12:29,2025-04-01 00:20:17,C004,Certificate Issuance,Operations South,E014,Rush,5,2.02,95.4,No,24,24.20,18.13,Met,2025-04
WO001127,2025-03-31 04:52:58,2025-04-01 00:49:58,C006,Certificate Issuance,Operations South,E009,Standard,4,1.11,96.8,No,48,16.62,19.95,Met,2025-04
WO000246,2025-03-31 21:41:06,2025-04-01 16:12:18,C006,Document Retrieval,Operations South,E021,Standard,9,2.09,97.0,No,24,13.94,18.52,Met,2025-04
WO000601,2025-03-30 18:28:33,2025-04-01 22:43:33,C015,Policy Checking,Operations North,E001,Standard,1,0.76,97.2,No,72,45.40,52.25,Met,2025-04
WO001147,2025-03-31 04:40:24,2025-04-02 03:47:00,C006,Policy Checking,Operations South,E011,Standard,4,2.52,92.8,No,72,37.79,47.11,Met,2025-04
WO001079,2025-04-01 06:09:32,2025-04-02 13:53:20,C006,Policy Checking,Operations South,E035,Standard,2,1.53,98.6,No,72,46.05,31.73,Met,2025-04
WO000437,2025-03-30 21:35:50,2025-04-03 03:37:38,C006,Certificate Issuance,Operations North,E031,Standard,6,1.63,91.4,No,48,16.29,78.03,Not Met,2025-04
WO000662,2025-04-02 20:01:54,2025-04-03 16:59:30,C005,Document Retrieval,Operations South,E016,Standard,7,1.27,94.1,No,24,10.92,20.96,Met,2025-04
WO000938,2025-04-02 23:14:05,2025-04-03 18:50:41,C012,Policy Administration,Operations North,E033,Rush,2,0.82,94.0,No,36,24.62,19.61,Met,2025-04
WO000761,2025-04-03 05:11:01,2025-04-04 01:24:49,C005,Certificate Issuance,Operations North,E025,Standard,4,1.59,98.2,No,48,23.88,20.23,Met,2025-04
WO000727,2025-04-03 10:12:25,2025-04-04 18:44:13,C001,Direct Bill Posting,Operations South,E011,Standard,7,1.15,91.1,No,48,9.83,32.53,Met,2025-04
WO001729,2025-04-02 00:21:46,2025-04-05 10:29:34,C007,Direct Bill Posting,Operations Central,E006,Standard,9,1.27,93.4,Yes,48,8.47,82.13,Not Met,2025-04
WO001619,2025-04-04 03:40:49,2025-04-05 14:57:01,C006,Direct Bill Posting,Operations Central,E009,Standard,8,1.36,98.3,No,48,10.21,35.27,Met,2025-04
WO000658,2025-04-04 07:56:34,2025-04-06 02:41:34,C007,Direct Bill Posting,Operations North,E027,Standard,13,2.24,90.5,Yes,48,10.33,42.75,Met,2025-04
WO001762,2025-04-05 14:34:12,2025-04-06 12:19:48,C004,Document Retrieval,Operations South,E011,Standard,7,1.62,97.4,No,24,13.87,21.76,Met,2025-04
WO000593,2025-04-05 21:27:12,2025-04-06 14:09:12,C012,Document Retrieval,Operations Central,E022,Rush,9,2.15,93.5,Yes,12,14.36,16.70,Not Met,2025-04
WO001000,2025-04-07 04:20:12,2025-04-07 15:58:36,C006,Document Retrieval,Operations Central,E013,Standard,7,1.39,93.4,No,24,11.94,11.64,Met,2025-04
WO000142,2025-04-06 20:37:01,2025-04-07 17:37:01,C007,Certificate Issuance,Operations South,E025,Standard,3,1.05,96.7,No,48,21.04,21.00,Met,2025-04
WO000452,2025-04-07 13:21:25,2025-04-08 03:47:13,C005,Document Retrieval,Operations South,E005,Standard,4,1.06,98.4,No,24,15.94,14.43,Met,2025-04
WO001254,2025-04-06 10:43:32,2025-04-08 15:20:08,C014,Policy Checking,Operations Central,E018,Standard,4,1.97,97.8,No,72,29.52,52.61,Met,2025-04
WO001680,2025-04-08 06:04:23,2025-04-09 02:21:11,C011,Document Retrieval,Operations North,E031,Rush,4,0.85,99.2,No,12,12.78,20.28,Not Met,2025-04
WO000215,2025-04-08 00:39:07,2025-04-10 17:59:31,C007,Policy Administration,Operations Central,E021,Standard,3,1.14,97.4,No,72,22.78,65.34,Met,2025-04
WO000410,2025-04-11 01:57:45,2025-04-11 21:05:33,C002,Direct Bill Posting,Operations South,E033,Standard,16,1.60,94.1,No,48,6.00,19.13,Met,2025-04
WO001692,2025-04-09 07:47:35,2025-04-11 21:21:11,C003,Policy Checking,Operations South,E013,Standard,1,0.70,92.5,No,72,41.84,61.56,Met,2025-04
WO001258,2025-04-11 04:59:34,2025-04-11 21:40:58,C004,Document Retrieval,Operations South,E014,Standard,1,0.21,95.7,No,24,12.54,16.69,Met,2025-04
WO000423,2025-04-11 23:33:53,2025-04-12 10:29:41,C008,Document Retrieval,Operations Central,E009,Rush,8,1.39,92.3,No,12,10.45,10.93,Met,2025-04
WO000321,2025-04-12 12:06:54,2025-04-13 01:14:42,C011,Document Retrieval,Operations South,E001,Rush,8,2.04,93.4,No,12,15.32,13.13,Not Met,2025-04
WO001488,2025-04-11 11:19:22,2025-04-13 05:45:46,C003,Certificate Issuance,Operations South,E006,Standard,2,0.69,93.1,No,48,20.77,42.44,Met,2025-04
WO001054,2025-04-12 07:05:00,2025-04-13 20:08:00,C013,Direct Bill Posting,Operations Central,E025,Rush,6,0.67,96.0,No,24,6.70,37.05,Not Met,2025-04
WO000341,2025-04-13 14:01:17,2025-04-14 08:44:29,C015,Certificate Issuance,Operations Central,E001,Rush,5,1.46,96.2,No,24,17.50,18.72,Met,2025-04
WO001541,2025-04-13 03:38:20,2025-04-14 13:32:56,C007,Policy Administration,Operations South,E030,Standard,5,2.19,90.2,Yes,72,26.29,33.91,Met,2025-04
WO001037,2025-04-14 04:51:42,2025-04-14 15:20:30,C010,Document Retrieval,Operations Central,E012,Standard,5,1.31,90.9,Yes,24,15.71,10.48,Met,2025-04
WO001387,2025-04-11 15:57:33,2025-04-14 18:29:21,C014,Policy Checking,Operations Central,E031,Standard,3,1.35,93.2,No,72,27.02,74.53,Not Met,2025-04
WO000434,2025-04-12 11:47:14,2025-04-14 22:07:38,C010,Policy Checking,Operations North,E020,Standard,3,1.63,94.7,No,72,32.68,58.34,Met,2025-04
WO001045,2025-04-13 06:35:39,2025-04-15 01:53:39,C014,Policy Checking,Operations Central,E027,Standard,1,0.59,98.3,No,72,35.16,43.30,Met,2025-04
WO000625,2025-04-14 06:19:28,2025-04-15 02:54:52,C010,Direct Bill Posting,Operations North,E002,Standard,9,1.30,98.3,No,48,8.66,20.59,Met,2025-04
WO000299,2025-04-14 23:16:27,2025-04-16 05:21:15,C012,Certificate Issuance,Operations North,E034,Standard,3,1.14,96.9,No,48,22.81,30.08,Met,2025-04
WO000445,2025-04-14 18:51:55,2025-04-16 12:40:31,C012,Direct Bill Posting,Operations South,E031,Standard,18,2.90,98.8,No,48,9.68,41.81,Met,2025-04
WO001489,2025-04-15 15:26:02,2025-04-16 13:36:14,C003,Policy Administration,Operations South,E036,Standard,4,1.57,94.5,No,72,23.53,22.17,Met,2025-04
WO000251,2025-04-15 16:51:23,2025-04-16 18:57:59,C001,Certificate Issuance,Operations South,E013,Standard,3,0.95,91.9,No,48,19.07,26.11,Met,2025-04
WO001229,2025-04-16 02:43:47,2025-04-16 19:35:59,C015,Document Retrieval,Operations South,E014,Standard,9,1.64,93.0,No,24,10.94,16.87,Met,2025-04
WO000896,2025-04-15 17:29:51,2025-04-16 21:02:15,C004,Direct Bill Posting,Operations South,E013,Rush,6,0.70,92.2,No,24,7.02,27.54,Not Met,2025-04
WO000055,2025-04-16 21:04:07,2025-04-17 10:05:19,C011,Document Retrieval,Operations South,E013,Standard,3,0.70,91.2,No,24,13.91,13.02,Met,2025-04
WO001133,2025-04-17 01:56:48,2025-04-17 11:05:12,C009,Document Retrieval,Operations Central,E023,Standard,3,0.53,97.4,No,24,10.50,9.14,Met,2025-04
WO000260,2025-04-16 00:55:07,2025-04-17 11:19:43,C011,Policy Administration,Operations South,E033,Standard,2,0.98,93.9,No,72,29.34,34.41,Met,2025-04
WO000756,2025-04-16 17:54:52,2025-04-17 11:22:28,C004,Direct Bill Posting,Operations Central,E002,Standard,11,1.10,95.5,No,48,6.00,17.46,Met,2025-04
WO000334,2025-04-16 21:56:49,2025-04-17 12:14:49,C007,Document Retrieval,Operations South,E028,Standard,2,0.40,97.3,No,24,12.08,14.30,Met,2025-04
WO000259,2025-04-17 07:53:08,2025-04-17 23:05:08,C004,Document Retrieval,Operations South,E020,Standard,5,0.79,94.9,No,24,9.45,15.20,Met,2025-04
WO001235,2025-04-16 12:59:13,2025-04-18 01:44:49,C004,Direct Bill Posting,Operations North,E027,Standard,19,3.39,98.9,No,48,10.69,36.76,Met,2025-04
WO001409,2025-04-16 09:58:02,2025-04-18 04:26:50,C001,Certificate Issuance,Operations South,E036,Standard,4,1.58,93.6,No,48,23.72,42.48,Met,2025-04
WO001058,2025-04-16 11:49:44,2025-04-18 08:28:44,C005,Certificate Issuance,Operations Central,E027,Standard,5,1.78,95.6,No,48,21.33,44.65,Met,2025-04
WO001303,2025-04-14 09:58:22,2025-04-18 10:09:10,C007,Policy Checking,Operations North,E001,Standard,2,1.00,92.3,No,72,30.15,96.18,Not Met,2025-04
WO000746,2025-04-15 16:35:15,2025-04-19 08:29:51,C012,Policy Administration,Operations Central,E034,Standard,4,1.55,97.3,No,72,23.21,87.91,Not Met,2025-04
WO000769,2025-04-17 22:04:21,2025-04-19 10:24:09,C012,Direct Bill Posting,Operations Central,E004,Standard,5,0.73,97.6,No,48,8.82,36.33,Met,2025-04
WO001199,2025-04-19 13:15:26,2025-04-19 22:56:50,C009,Document Retrieval,Operations North,E034,Standard,1,0.19,90.6,Yes,24,11.68,9.69,Met,2025-04
WO001587,2025-04-17 05:49:15,2025-04-20 05:12:03,C002,Direct Bill Posting,Operations North,E023,Standard,7,0.94,91.3,No,48,8.02,71.38,Not Met,2025-04
WO000907,2025-04-17 19:02:42,2025-04-20 05:27:18,C002,Policy Administration,Operations South,E015,Standard,5,2.26,90.9,Yes,72,27.13,58.41,Met,2025-04
WO001476,2025-04-18 16:55:25,2025-04-20 08:33:13,C002,Certificate Issuance,Operations South,E009,Rush,6,1.39,98.6,No,24,13.87,39.63,Not Met,2025-04
WO000461,2025-04-20 05:03:02,2025-04-20 13:21:02,C001,Document Retrieval,Operations North,E017,Standard,8,1.71,94.9,No,24,12.83,8.30,Met,2025-04
WO001440,2025-04-19 23:16:01,2025-04-20 14:28:37,C003,Direct Bill Posting,Operations Central,E019,Standard,14,1.87,91.0,No,48,8.02,15.21,Met,2025-04
WO000356,2025-04-19 18:28:02,2025-04-20 21:25:02,C011,Policy Administration,Operations Central,E018,Standard,3,1.45,99.4,Yes,72,29.06,26.95,Met,2025-04
WO000362,2025-04-18 14:54:11,2025-04-21 08:35:35,C002,Certificate Issuance,Operations South,E015,Standard,5,1.25,95.6,No,48,14.95,65.69,Not Met,2025-04
WO001020,2025-04-20 10:08:36,2025-04-21 12:14:00,C012,Direct Bill Posting,Operations South,E007,Standard,13,1.77,91.7,No,48,8.16,26.09,Met,2025-04
WO000968,2025-04-21 05:45:36,2025-04-21 21:23:24,C001,Document Retrieval,Operations North,E008,Standard,6,1.59,93.7,No,24,15.88,15.63,Met,2025-04
WO000209,2025-04-21 05:40:33,2025-04-21 22:51:21,C004,Direct Bill Posting,Operations Central,E018,Standard,20,3.38,99.6,No,48,10.14,17.18,Met,2025-04
WO000596,2025-04-19 15:58:41,2025-04-22 06:37:05,C007,Policy Checking,Operations Central,E002,Standard,2,1.38,91.2,No,72,41.38,62.64,Met,2025-04
WO000364,2025-04-19 02:37:46,2025-04-22 10:36:34,C004,Certificate Issuance,Operations South,E036,Standard,4,1.50,97.7,No,48,22.53,79.98,Not Met,2025-04
WO001586,2025-04-20 20:01:33,2025-04-22 14:32:45,C004,Policy Administration,Operations South,E029,Standard,4,1.26,93.3,No,72,18.83,42.52,Met,2025-04
WO001414,2025-04-20 02:56:18,2025-04-23 01:02:54,C009,Direct Bill Posting,Operations Central,E018,Standard,9,1.40,99.5,No,48,9.32,70.11,Not Met,2025-04
WO000953,2025-04-22 03:30:51,2025-04-23 06:55:27,C009,Policy Administration,Operations Central,E001,Rush,3,1.03,90.9,Yes,36,20.65,27.41,Met,2025-04
WO000487,2025-04-22 04:43:00,2025-04-23 16:53:48,C010,Certificate Issuance,Operations South,E031,Standard,4,0.92,97.9,No,48,13.75,36.18,Met,2025-04
WO001208,2025-04-23 05:07:48,2025-04-23 18:58:12,C002,Direct Bill Posting,Operations South,E023,Rush,14,2.39,96.8,No,24,10.25,13.84,Met,2025-04
WO000561,2025-04-23 08:37:09,2025-04-24 04:10:45,C010,Certificate Issuance,Operations Central,E019,Standard,4,1.07,100.0,No,48,16.10,19.56,Met,2025-04
WO001768,2025-04-23 13:51:49,2025-04-24 06:22:25,C004,Document Retrieval,Operations South,E003,Standard,2,0.29,99.2,No,24,8.75,16.51,Met,2025-04
WO000773,2025-04-23 15:31:55,2025-04-24 07:46:19,C014,Direct Bill Posting,Operations North,E024,Rush,15,2.26,99.9,No,24,9.03,16.24,Met,2025-04
WO000177,2025-04-22 15:49:05,2025-04-24 08:00:29,C010,Direct Bill Posting,Operations Central,E015,Standard,7,0.91,92.5,No,48,7.79,40.19,Met,2025-04
WO001420,2025-04-23 06:50:46,2025-04-24 10:05:10,C003,Policy Checking,Operations Central,E025,Rush,2,1.28,92.5,No,36,38.26,27.24,Met,2025-04
WO000688,2025-04-23 08:37:08,2025-04-24 12:36:32,C001,Policy Checking,Operations North,E001,Rush,4,1.80,93.5,No,36,27.02,27.99,Met,2025-04
WO000369,2025-04-24 09:53:26,2025-04-25 17:04:50,C014,Certificate Issuance,Operations South,E001,Standard,3,1.01,91.7,No,48,20.23,31.19,Met,2025-04
WO001231,2025-04-25 03:21:09,2025-04-25 22:36:09,C010,Document Retrieval,Operations North,E009,Standard,8,1.73,96.5,No,24,12.99,19.25,Met,2025-04
WO000754,2025-04-24 18:54:46,2025-04-26 06:21:10,C015,Direct Bill Posting,Operations South,E017,Standard,7,0.82,98.8,Yes,48,7.00,35.44,Met,2025-04
WO001005,2025-04-22 12:14:32,2025-04-26 17:16:56,C001,Policy Administration,Operations North,E025,Standard,1,0.38,97.0,No,72,23.05,101.04,Not Met,2025-04
WO001340,2025-04-26 18:48:23,2025-04-27 07:27:59,C007,Document Retrieval,Operations North,E022,Standard,7,1.56,90.5,Yes,24,13.41,12.66,Met,2025-04
WO000416,2025-04-26 18:19:16,2025-04-27 22:12:40,C008,Policy Administration,Operations South,E018,Standard,2,0.55,96.5,No,72,16.43,27.89,Met,2025-04
WO001657,2025-04-26 15:23:45,2025-04-28 00:51:21,C005,Direct Bill Posting,Operations North,E031,Standard,20,3.51,95.1,No,48,10.52,33.46,Met,2025-04
WO001512,2025-04-26 21:20:15,2025-04-28 01:36:27,C005,Direct Bill Posting,Operations Central,E014,Standard,14,1.67,97.3,No,48,7.15,28.27,Met,2025-04
WO000307,2025-04-26 22:07:28,2025-04-28 03:32:04,C010,Direct Bill Posting,Operations North,E016,Standard,10,1.23,94.2,Yes,48,7.39,29.41,Met,2025-04
WO001185,2025-04-28 05:10:33,2025-04-29 00:36:21,C007,Document Retrieval,Operations North,E012,Standard,3,0.75,98.9,No,24,15.09,19.43,Met,2025-04
WO000998,2025-04-28 00:43:02,2025-04-29 08:12:26,C005,Certificate Issuance,Operations Central,E017,Standard,1,0.22,93.8,No,48,13.01,31.49,Met,2025-04
WO001287,2025-04-27 12:01:55,2025-04-29 08:36:07,C010,Certificate Issuance,Operations Central,E020,Standard,5,1.33,95.9,No,48,15.98,44.57,Met,2025-04
WO001001,2025-04-29 03:52:26,2025-04-30 01:16:26,C008,Document Retrieval,Operations South,E008,Standard,7,1.13,98.4,No,24,9.72,21.40,Met,2025-04
WO000405,2025-04-29 00:01:18,2025-04-30 07:22:54,C006,Direct Bill Posting,Operations South,E013,Standard,18,1.85,93.4,No,48,6.18,31.36,Met,2025-04
WO000041,2025-04-28 20:22:28,2025-04-30 08:33:52,C012,Policy Checking,Operations South,E032,Standard,3,1.29,95.5,No,72,25.82,36.19,Met,2025-04
WO000967,2025-04-29 18:53:25,2025-04-30 10:51:01,C009,Policy Administration,Operations South,E005,Rush,3,1.10,92.8,No,36,21.95,15.96,Met,2025-04
WO001393,2025-04-28 07:06:36,2025-04-30 19:14:24,C011,Policy Checking,Operations South,E027,Standard,3,1.39,96.0,No,72,27.78,60.13,Met,2025-04
WO000087,2025-04-29 10:05:44,2025-04-30 19:15:20,C008,Policy Administration,Operations Central,E028,Rush,1,0.46,94.6,No,36,27.64,33.16,Met,2025-04
WO001355,2025-04-29 03:00:46,2025-04-30 19:34:58,C009,Policy Administration,Operations Central,E016,Rush,3,0.87,91.0,No,36,17.37,40.57,Not Met,2025-04
WO001055,2025-04-27 12:27:00,2025-04-30 21:34:48,C005,Policy Administration,Operations North,E029,Standard,2,0.64,91.3,No,72,19.32,81.13,Not Met,2025-04
WO001718,2025-04-30 20:40:32,2025-05-01 14:45:56,C015,Certificate Issuance,Operations North,E022,Standard,6,1.62,96.1,No,48,16.20,18.09,Met,2025-05
WO000184,2025-04-30 11:01:58,2025-05-01 15:25:58,C002,Certificate Issuance,Operations South,E014,Standard,3,0.95,98.5,No,48,19.00,28.40,Met,2025-05
WO000344,2025-04-29 03:14:32,2025-05-01 21:17:32,C004,Policy Administration,Operations Central,E014,Standard,5,2.37,98.5,No,72,28.42,66.05,Met,2025-05
WO001363,2025-05-01 07:46:13,2025-05-02 03:19:13,C006,Document Retrieval,Operations Central,E033,Standard,5,1.23,91.8,No,24,14.76,19.55,Met,2025-05
WO001562,2025-04-30 17:49:48,2025-05-02 03:30:36,C013,Policy Checking,Operations South,E012,Standard,1,0.67,98.4,No,72,40.31,33.68,Met,2025-05
WO000978,2025-05-01 02:45:40,2025-05-02 09:09:04,C006,Direct Bill Posting,Operations North,E008,Standard,9,1.55,96.0,No,48,10.32,30.39,Met,2025-05
WO000384,2025-04-30 20:40:34,2025-05-02 12:33:58,C005,Direct Bill Posting,Operations Central,E030,Standard,18,2.43,99.2,No,48,8.10,39.89,Met,2025-05
WO001322,2025-05-01 00:41:08,2025-05-02 14:08:08,C011,Direct Bill Posting,Operations South,E021,Standard,5,0.77,96.2,No,48,9.29,37.45,Met,2025-05
WO001763,2025-05-01 22:01:50,2025-05-02 14:18:38,C009,Certificate Issuance,Operations Central,E008,Standard,5,1.92,98.9,No,48,23.01,16.28,Met,2025-05
WO000121,2025-05-01 17:43:13,2025-05-02 21:27:01,C001,Policy Checking,Operations North,E002,Rush,4,3.20,91.9,No,36,48.03,27.73,Met,2025-05
WO000005,2025-05-01 17:58:18,2025-05-03 01:18:42,C007,Policy Administration,Operations Central,E024,Rush,2,0.59,98.1,No,36,17.71,31.34,Met,2025-05
WO001288,2025-05-01 11:12:47,2025-05-03 01:39:11,C014,Document Retrieval,Operations Central,E035,Standard,10,2.52,92.3,No,24,15.15,38.44,Not Met,2025-05
WO000049,2025-04-28 09:02:57,2025-05-03 05:38:57,C002,Policy Checking,Operations North,E020,Standard,2,1.22,93.2,No,72,36.52,116.60,Not Met,2025-05
WO000202,2025-05-03 05:31:24,2025-05-03 20:38:00,C007,Certificate Issuance,Operations South,E012,Standard,2,0.48,96.9,No,48,14.26,15.11,Met,2025-05
WO001758,2025-05-03 23:37:50,2025-05-04 03:25:50,C014,Document Retrieval,Operations North,E014,Rush,8,2.13,99.3,No,12,15.98,3.80,Met,2025-05
WO000606,2025-05-04 02:33:38,2025-05-04 23:22:50,C007,Direct Bill Posting,Operations North,E029,Rush,8,1.10,94.3,No,24,8.23,20.82,Met,2025-05
WO001509,2025-05-04 00:46:18,2025-05-05 02:35:30,C004,Policy Checking,Operations North,E035,Rush,2,1.18,90.4,Yes,36,35.35,25.82,Met,2025-05
WO000526,2025-05-04 01:11:24,2025-05-05 04:49:48,C008,Certificate Issuance,Operations Central,E026,Standard,3,1.02,99.0,No,48,20.44,27.64,Met,2025-05
WO000490,2025-05-03 14:54:22,2025-05-05 12:11:10,C014,Policy Administration,Operations Central,E011,Standard,3,1.31,97.5,No,72,26.22,45.28,Met,2025-05
WO000721,2025-05-03 15:40:57,2025-05-05 12:55:57,C003,Direct Bill Posting,Operations South,E013,Standard,6,0.68,91.4,No,48,6.83,45.25,Met,2025-05
WO001613,2025-05-05 00:54:53,2025-05-05 17:21:53,C008,Policy Administration,Operations North,E034,Rush,1,0.46,99.1,No,36,27.48,16.45,Met,2025-05
WO000972,2025-05-04 10:20:57,2025-05-06 02:59:57,C011,Policy Checking,Operations North,E031,Standard,2,1.00,94.9,No,72,29.92,40.65,Met,2025-05
WO000213,2025-05-05 08:35:47,2025-05-06 14:48:23,C001,Policy Checking,Operations Central,E033,Standard,4,2.16,97.8,No,72,32.37,30.21,Met,2025-05
WO000796,2025-05-05 03:46:22,2025-05-07 00:45:46,C002,Direct Bill Posting,Operations South,E026,Standard,17,2.11,91.9,No,48,7.45,44.99,Met,2025-05
WO001366,2025-05-06 19:21:31,2025-05-07 10:08:55,C014,Direct Bill Posting,Operations Central,E010,Rush,11,1.40,94.9,No,24,7.64,14.79,Met,2025-05
WO000880,2025-05-06 21:47:54,2025-05-07 14:55:06,C003,Certificate Issuance,Operations Central,E016,Standard,5,1.30,92.5,No,48,15.63,17.12,Met,2025-05
WO000590,2025-05-06 13:44:12,2025-05-07 21:58:36,C001,Policy Administration,Operations North,E004,Standard,4,1.24,93.3,No,72,18.56,32.24,Met,2025-05
WO001536,2025-05-07 08:21:28,2025-05-08 02:00:28,C011,Document Retrieval,Operations Central,E015,Standard,10,2.26,94.0,No,24,13.58,17.65,Met,2025-05
WO001067,2025-05-07 07:05:36,2025-05-08 03:14:00,C003,Certificate Issuance,Operations South,E026,Standard,1,0.28,94.9,No,48,16.72,20.14,Met,2025-05
WO000128,2025-05-07 15:41:54,2025-05-08 05:03:30,C010,Policy Checking,Operations South,E022,Rush,2,1.12,92.7,No,36,33.66,13.36,Met,2025-05
WO001432,2025-05-07 22:56:19,2025-05-08 17:53:19,C010,Document Retrieval,Operations Central,E034,Standard,7,1.67,98.1,No,24,14.35,18.95,Met,2025-05
WO001706,2025-05-08 00:29:16,2025-05-09 08:51:28,C008,Policy Checking,Operations North,E016,Rush,4,1.81,97.8,No,36,27.13,32.37,Met,2025-05
WO001251,2025-05-08 11:21:12,2025-05-09 14:53:00,C003,Policy Administration,Operations North,E022,Standard,2,0.56,92.6,No,72,16.66,27.53,Met,2025-05
WO000091,2025-05-05 04:56:39,2025-05-09 15:36:15,C004,Policy Administration,Operations North,E033,Standard,4,1.94,93.0,No,72,29.10,106.66,Not Met,2025-05
WO000144,2025-05-09 05:57:56,2025-05-09 21:28:32,C006,Document Retrieval,Operations Central,E016,Standard,9,1.70,99.1,No,24,11.34,15.51,Met,2025-05
WO001228,2025-05-09 19:37:30,2025-05-10 21:31:30,C001,Direct Bill Posting,Operations North,E016,Standard,9,1.14,92.4,No,48,7.63,25.90,Met,2025-05
WO000810,2025-05-10 07:39:46,2025-05-10 21:35:34,C013,Document Retrieval,Operations Central,E026,Standard,4,0.78,94.3,No,24,11.65,13.93,Met,2025-05
WO000735,2025-05-07 12:01:31,2025-05-10 22:11:43,C014,Direct Bill Posting,Operations North,E005,Standard,10,1.75,95.2,No,48,10.49,82.17,Not Met,2025-05
WO001026,2025-05-10 19:35:40,2025-05-11 16:44:04,C014,Document Retrieval,Operations North,E023,Standard,2,0.33,96.6,No,24,9.82,21.14,Met,2025-05
WO000820,2025-05-10 08:03:37,2025-05-11 21:06:37,C012,Document Retrieval,Operations South,E017,Standard,2,0.49,96.6,No,24,14.78,37.05,Not Met,2025-05
WO000004,2025-05-11 17:56:48,2025-05-11 22:37:00,C008,Document Retrieval,Operations Central,E018,Rush,5,1.36,96.1,No,12,16.26,4.67,Met,2025-05
WO000058,2025-05-11 09:35:12,2025-05-12 08:01:36,C012,Certificate Issuance,Operations South,E006,Standard,6,1.59,95.5,No,48,15.88,22.44,Met,2025-05
WO000070,2025-05-11 03:42:02,2025-05-12 18:27:02,C002,Policy Administration,Operations North,E029,Standard,3,0.97,93.0,No,72,19.43,38.75,Met,2025-05
WO000421,2025-05-10 18:42:30,2025-05-13 01:45:30,C011,Policy Administration,Operations Central,E031,Standard,5,1.59,95.8,No,72,19.05,55.05,Met,2025-05
WO000817,2025-05-12 16:48:28,2025-05-13 07:19:04,C005,Certificate Issuance,Operations Central,E003,Standard,6,1.68,94.1,No,48,16.77,14.51,Met,2025-05
WO000368,2025-05-12 09:30:22,2025-05-13 14:00:22,C013,Certificate Issuance,Operations North,E025,Standard,1,0.36,99.5,No,48,21.39,28.50,Met,2025-05
WO000974,2025-05-11 21:46:37,2025-05-13 16:52:01,C012,Policy Checking,Operations Central,E024,Standard,1,0.56,92.5,No,72,33.65,43.09,Met,2025-05
WO001776,2025-05-11 00:12:46,2025-05-13 22:40:58,C003,Direct Bill Posting,Operations South,E004,Standard,20,3.08,95.6,No,48,9.25,70.47,Not Met,2025-05
WO000138,2025-05-10 21:10:19,2025-05-14 02:45:07,C006,Policy Checking,Operations South,E033,Standard,1,0.65,91.1,No,72,38.99,77.58,Not Met,2025-05
WO001013,2025-05-12 04:28:15,2025-05-14 10:59:27,C011,Direct Bill Posting,Operations Central,E032,Standard,15,2.26,94.5,No,48,9.04,54.52,Not Met,2025-05
WO000725,2025-05-11 13:35:17,2025-05-14 13:13:41,C003,Certificate Issuance,Operations North,E027,Standard,3,1.12,91.3,No,48,22.49,71.64,Not Met,2025-05
WO001737,2025-05-12 19:23:29,2025-05-14 17:15:05,C011,Policy Administration,Operations Central,E028,Standard,4,1.38,99.3,No,72,20.75,45.86,Met,2025-05
WO001426,2025-05-13 08:21:56,2025-05-14 17:30:20,C013,Document Retrieval,Operations North,E010,Standard,6,0.89,91.9,No,24,8.93,33.14,Not Met,2025-05
WO000419,2025-05-14 03:44:48,2025-05-14 20:50:48,C015,Direct Bill Posting,Operations Central,E015,Standard,13,1.80,97.1,No,48,8.30,17.10,Met,2025-05
WO001050,2025-05-14 13:34:50,2025-05-15 02:37:14,C009,Policy Administration,Operations North,E016,Rush,1,0.33,94.3,No,36,19.63,13.04,Met,2025-05
WO001056,2025-05-14 08:22:11,2025-05-15 07:21:35,C001,Policy Checking,Operations Central,E010,Standard,3,2.29,99.5,No,72,45.85,22.99,Met,2025-05
WO000554,2025-05-13 07:11:55,2025-05-15 12:34:07,C002,Certificate Issuance,Operations Central,E029,Standard,5,1.43,97.8,No,48,17.16,53.37,Not Met,2025-05
WO000693,2025-05-14 12:20:54,2025-05-15 12:51:30,C004,Certificate Issuance,Operations Central,E015,Standard,3,1.00,97.1,No,48,19.93,24.51,Met,2025-05
WO001400,2025-05-14 05:27:08,2025-05-15 14:57:08,C003,Policy Checking,Operations Central,E014,Standard,4,2.32,96.3,No,72,34.84,33.50,Met,2025-05
WO000348,2025-05-15 00:13:21,2025-05-15 17:14:33,C009,Direct Bill Posting,Operations Central,E013,Standard,14,1.60,97.8,No,48,6.85,17.02,Met,2025-05
WO001093,2025-05-15 04:21:03,2025-05-16 09:01:15,C001,Direct Bill Posting,Operations South,E006,Standard,10,1.46,99.2,No,48,8.77,28.67,Met,2025-05
WO000563,2025-05-11 06:31:06,2025-05-16 10:58:42,C002,Policy Checking,Operations South,E028,Standard,3,2.31,95.8,No,72,46.30,124.46,Not Met,2025-05
WO001377,2025-05-15 14:53:25,2025-05-16 12:14:25,C013,Certificate Issuance,Operations North,E008,Standard,1,0.22,97.3,No,48,13.19,21.35,Met,2025-05
WO000811,2025-05-14 04:26:53,2025-05-16 21:34:05,C005,Policy Checking,Operations North,E021,Standard,1,0.67,90.6,Yes,72,40.41,65.12,Met,2025-05
WO001232,2025-05-16 07:09:57,2025-05-16 21:45:21,C013,Direct Bill Posting,Operations South,E015,Standard,14,1.71,91.0,No,48,7.31,14.59,Met,2025-05
WO000016,2025-05-15 10:38:28,2025-05-17 00:35:28,C012,Policy Checking,Operations Central,E007,Standard,1,0.56,92.9,No,72,33.60,37.95,Met,2025-05
WO001263,2025-05-14 07:55:11,2025-05-17 05:31:47,C005,Certificate Issuance,Operations North,E035,Standard,5,1.84,98.8,No,48,22.07,69.61,Not Met,2025-05
WO000382,2025-05-15 08:50:04,2025-05-17 05:56:04,C007,Direct Bill Posting,Operations Central,E016,Standard,6,0.93,90.9,Yes,48,9.26,45.10,Met,2025-05
WO000495,2025-05-15 12:01:46,2025-05-17 08:40:10,C002,Policy Checking,Operations North,E013,Standard,2,0.96,93.0,No,72,28.70,44.64,Met,2025-05
WO000224,2025-05-15 17:01:15,2025-05-17 10:53:27,C010,Policy Administration,Operations Central,E005,Standard,2,0.71,90.5,Yes,72,21.40,41.87,Met,2025-05
WO001122,2025-05-16 09:38:08,2025-05-17 12:21:20,C012,Certificate Issuance,Operations South,E010,Standard,4,1.03,92.1,Yes,48,15.49,26.72,Met,2025-05
WO001599,2025-05-15 20:18:03,2025-05-17 17:00:03,C011,Certificate Issuance,Operations South,E008,Standard,2,0.58,96.1,No,48,17.33,44.70,Met,2025-05
WO000335,2025-05-16 18:11:00,2025-05-18 01:48:12,C001,Policy Checking,Operations South,E032,Standard,1,0.50,91.3,No,72,30.12,31.62,Met,2025-05
WO000553,2025-05-17 05:30:05,2025-05-18 01:54:05,C007,Document Retrieval,Operations North,E012,Standard,2,0.34,98.3,No,24,10.33,20.40,Met,2025-05
WO001607,2025-05-17 11:36:31,2025-05-18 03:59:19,C006,Document Retrieval,Operations Central,E006,Standard,4,1.00,90.5,Yes,24,15.02,16.38,Met,2025-05
WO000980,2025-05-17 13:08:34,2025-05-18 04:28:22,C002,Certificate Issuance,Operations South,E024,Rush,3,0.75,90.3,Yes,24,14.92,15.33,Met,2025-05
WO001047,2025-05-17 16:17:41,2025-05-18 11:33:17,C003,Document Retrieval,Operations Central,E029,Standard,7,1.18,90.9,Yes,24,10.10,19.26,Met,2025-05
WO000221,2025-05-17 08:10:01,2025-05-18 23:23:13,C010,Certificate Issuance,Operations Central,E009,Standard,3,0.95,92.5,No,48,18.95,39.22,Met,2025-05
WO001395,2025-05-14 03:53:32,2025-05-19 00:25:56,C007,Policy Checking,Operations North,E011,Standard,4,2.10,90.2,Yes,72,31.51,116.54,Not Met,2025-05
WO001523,2025-05-19 14:00:39,2025-05-20 15:07:15,C007,Direct Bill Posting,Operations South,E011,Standard,15,1.45,97.3,No,48,5.78,25.11,Met,2025-05
WO000852,2025-05-20 10:33:10,2025-05-20 18:00:10,C014,Document Retrieval,Operations South,E001,Standard,1,0.16,97.4,No,24,9.44,7.45,Met,2025-05
WO001611,2025-05-20 08:08:17,2025-05-21 02:27:29,C011,Direct Bill Posting,Operations North,E004,Rush,16,1.87,96.4,No,24,7.03,18.32,Met,2025-05
WO000439,2025-05-20 06:16:14,2025-05-21 08:59:26,C007,Policy Checking,Operations North,E031,Rush,3,1.53,91.7,No,36,30.66,26.72,Met,2025-05
WO001521,2025-05-20 10:37:02,2025-05-21 23:26:14,C014,Direct Bill Posting,Operations South,E011,Standard,20,2.41,97.9,No,48,7.23,36.82,Met,2025-05
WO000901,2025-05-20 18:33:24,2025-05-22 00:02:48,C012,Policy Administration,Operations South,E021,Standard,3,1.34,91.6,No,72,26.79,29.49,Met,2025-05
WO000179,2025-05-20 03:38:06,2025-05-22 13:17:42,C006,Policy Checking,Operations South,E012,Standard,1,0.65,90.8,Yes,72,38.88,57.66,Met,2025-05
WO001461,2025-05-21 02:28:05,2025-05-22 20:49:05,C001,Policy Administration,Operations Central,E034,Standard,1,0.49,90.7,Yes,72,29.26,42.35,Met,2025-05
WO000015,2025-05-21 09:11:18,2025-05-22 22:01:42,C003,Direct Bill Posting,Operations South,E006,Rush,13,1.81,91.9,No,24,8.37,36.84,Not Met,2025-05
WO000063,2025-05-21 23:48:44,2025-05-23 06:27:44,C008,Policy Administration,Operations South,E016,Standard,2,0.76,94.0,No,72,22.83,30.65,Met,2025-05
WO000982,2025-05-21 13:22:45,2025-05-23 07:41:21,C001,Certificate Issuance,Operations South,E021,Standard,2,0.46,91.7,No,48,13.75,42.31,Met,2025-05
WO001388,2025-05-20 14:22:41,2025-05-23 08:08:17,C007,Direct Bill Posting,Operations North,E017,Standard,8,0.88,97.1,No,48,6.59,65.76,Not Met,2025-05
WO001218,2025-05-22 20:18:02,2025-05-23 12:39:02,C012,Direct Bill Posting,Operations South,E025,Standard,17,2.24,99.7,No,48,7.89,16.35,Met,2025-05
WO001769,2025-05-22 06:21:01,2025-05-23 18:18:01,C004,Policy Administration,Operations South,E018,Standard,3,1.17,96.3,No,72,23.44,35.95,Met,2025-05
WO001343,2025-05-22 00:49:33,2025-05-23 20:45:57,C003,Direct Bill Posting,Operations Central,E015,Standard,12,1.74,96.5,No,48,8.72,43.94,Met,2025-05
WO001296,2025-05-23 04:09:43,2025-05-24 03:15:07,C015,Certificate Issuance,Operations South,E001,Standard,6,1.78,98.6,No,48,17.80,23.09,Met,2025-05
WO001544,2025-05-23 21:31:41,2025-05-24 09:35:17,C010,Policy Administration,Operations North,E023,Rush,1,0.32,93.9,No,36,19.12,12.06,Met,2025-05
WO001504,2025-05-23 14:46:49,2025-05-24 18:15:01,C011,Certificate Issuance,Operations North,E027,Standard,5,1.78,94.4,No,48,21.36,27.47,Met,2025-05
WO001149,2025-05-23 14:28:47,2025-05-25 05:03:35,C008,Policy Administration,Operations North,E015,Rush,4,1.28,90.8,Yes,36,19.25,38.58,Not Met,2025-05
WO001766,2025-05-24 06:31:29,2025-05-25 13:19:29,C010,Policy Checking,Operations South,E034,Standard,2,0.96,97.8,No,72,28.86,30.80,Met,2025-05
WO000782,2025-05-24 15:46:17,2025-05-25 13:52:53,C003,Document Retrieval,Operations Central,E025,Standard,5,1.04,99.0,No,24,12.54,22.11,Met,2025-05
WO001159,2025-05-23 10:26:16,2025-05-25 17:30:28,C013,Policy Checking,Operations Central,E005,Standard,1,0.44,95.3,No,72,26.40,55.07,Met,2025-05
WO000187,2025-05-23 02:25:10,2025-05-25 18:29:58,C007,Certificate Issuance,Operations South,E020,Standard,3,1.17,97.4,No,48,23.47,64.08,Not Met,2025-05
WO000861,2025-05-24 19:27:44,2025-05-25 22:57:08,C014,Certificate Issuance,Operations South,E014,Standard,4,1.19,94.8,No,48,17.79,27.49,Met,2025-05
WO001311,2025-05-25 03:40:48,2025-05-25 23:46:48,C007,Certificate Issuance,Operations South,E003,Rush,4,1.34,96.9,No,24,20.05,20.10,Met,2025-05
WO000317,2025-05-24 23:05:48,2025-05-26 04:49:00,C002,Policy Checking,Operations Central,E030,Rush,2,1.63,94.6,No,36,48.92,29.72,Met,2025-05
WO001744,2025-05-25 17:08:35,2025-05-26 22:12:11,C014,Document Retrieval,Operations North,E006,Standard,1,0.21,97.5,Yes,24,12.38,29.06,Not Met,2025-05
WO000312,2025-05-26 07:03:56,2025-05-27 00:59:08,C012,Document Retrieval,Operations Central,E008,Standard,4,1.02,99.2,No,24,15.32,17.92,Met,2025-05
WO000309,2025-05-26 10:16:15,2025-05-27 02:43:15,C008,Document Retrieval,Operations South,E033,Standard,6,1.16,94.5,No,24,11.58,16.45,Met,2025-05
WO001128,2025-05-26 15:58:45,2025-05-27 14:06:33,C008,Document Retrieval,Operations South,E010,Standard,3,0.52,98.6,No,24,10.44,22.13,Met,2025-05
WO000472,2025-05-26 15:30:25,2025-05-27 23:02:49,C009,Policy Administration,Operations Central,E002,Standard,4,1.63,99.2,No,72,24.42,31.54,Met,2025-05
WO001279,2025-05-27 05:29:23,2025-05-28 13:16:11,C013,Policy Administration,Operations South,E013,Standard,2,0.57,97.6,No,72,17.11,31.78,Met,2025-05
WO001468,2025-05-27 03:51:45,2025-05-28 13:36:09,C014,Certificate Issuance,Operations Central,E018,Standard,4,1.38,99.7,No,48,20.75,33.74,Met,2025-05
WO001255,2025-05-27 01:38:40,2025-05-28 16:58:28,C010,Policy Administration,Operations North,E001,Standard,4,1.18,94.7,No,72,17.67,39.33,Met,2025-05
WO000498,2025-05-26 22:24:39,2025-05-28 18:45:39,C013,Certificate Issuance,Operations Central,E035,Standard,2,0.69,91.7,No,48,20.60,44.35,Met,2025-05
WO001119,2025-05-28 02:13:54,2025-05-28 21:50:30,C001,Direct Bill Posting,Operations North,E008,Standard,19,3.24,98.0,No,48,10.22,19.61,Met,2025-05
WO000787,2025-05-28 15:44:52,2025-05-29 09:50:52,C012,Document Retrieval,Operations North,E029,Standard,4,0.86,96.8,No,24,12.85,18.10,Met,2025-05
WO000089,2025-05-28 14:26:12,2025-05-29 12:20:12,C012,Policy Administration,Operations Central,E036,Rush,3,1.26,95.3,No,36,25.15,21.90,Met,2025-05
WO000466,2025-05-27 23:49:28,2025-05-29 18:30:16,C015,Direct Bill Posting,Operations North,E024,Standard,17,2.47,92.1,No,48,8.72,42.68,Met,2025-05
WO000943,2025-05-29 09:19:34,2025-05-30 02:26:46,C007,Document Retrieval,Operations Central,E009,Standard,1,0.24,97.5,No,24,14.40,17.12,Met,2025-05
WO000839,2025-05-28 17:44:41,2025-05-30 06:31:29,C010,Policy Administration,Operations Central,E015,Rush,4,1.72,98.8,No,36,25.87,36.78,Not Met,2025-05
WO001685,2025-05-28 19:27:36,2025-05-30 07:13:48,C006,Certificate Issuance,Operations North,E007,Standard,2,0.72,98.1,No,48,21.54,35.77,Met,2025-05
WO000704,2025-05-29 16:55:56,2025-05-30 17:49:56,C015,Policy Administration,Operations North,E001,Standard,5,2.22,92.9,No,72,26.61,24.90,Met,2025-05
WO001391,2025-05-29 06:44:13,2025-05-30 18:07:37,C005,Certificate Issuance,Operations South,E031,Standard,3,0.68,92.6,No,48,13.54,35.39,Met,2025-05
WO001731,2025-05-29 22:27:56,2025-05-31 04:51:20,C007,Policy Administration,Operations South,E030,Standard,2,0.54,96.8,No,72,16.15,30.39,Met,2025-05
WO000417,2025-05-29 19:16:21,2025-05-31 09:19:21,C001,Policy Checking,Operations Central,E011,Standard,1,0.77,96.6,No,72,46.02,38.05,Met,2025-05
WO001146,2025-05-31 02:48:08,2025-05-31 12:34:56,C002,Document Retrieval,Operations South,E002,Standard,8,1.26,93.4,No,24,9.44,9.78,Met,2025-05
WO001783,2025-05-26 13:46:59,2025-05-31 14:03:11,C010,Policy Administration,Operations North,E012,Standard,3,1.10,95.7,No,72,22.03,120.27,Not Met,2025-05
WO001014,2025-05-30 18:05:01,2025-05-31 16:08:01,C005,Certificate Issuance,Operations North,E017,Standard,5,1.13,97.7,No,48,13.58,22.05,Met,2025-05
WO001021,2025-05-28 06:56:36,2025-05-31 18:31:24,C009,Policy Checking,Operations Central,E027,Standard,3,1.65,94.8,No,72,33.02,83.58,Not Met,2025-05
WO000786,2025-05-30 09:35:45,2025-06-01 06:16:33,C011,Direct Bill Posting,Operations North,E019,Standard,5,0.78,92.0,No,48,9.32,44.68,Met,2025-06
WO001148,2025-05-31 23:18:31,2025-06-01 07:43:07,C004,Certificate Issuance,Operations South,E034,Rush,4,1.41,90.4,Yes,24,21.12,8.41,Met,2025-06
WO001314,2025-05-31 16:25:32,2025-06-01 14:47:08,C004,Policy Checking,Operations North,E008,Standard,3,2.22,94.2,No,72,44.49,22.36,Met,2025-06
WO000894,2025-06-01 03:04:46,2025-06-01 17:11:22,C002,Document Retrieval,Operations South,E020,Standard,4,0.70,99.5,No,24,10.57,14.11,Met,2025-06
WO001041,2025-05-31 02:54:29,2025-06-02 05:29:17,C005,Certificate Issuance,Operations North,E013,Standard,4,0.93,99.6,No,48,13.91,50.58,Not Met,2025-06
WO000072,2025-05-31 03:56:06,2025-06-02 11:29:42,C012,Direct Bill Posting,Operations Central,E008,Standard,14,1.52,96.7,No,48,6.51,55.56,Not Met,2025-06
WO000270,2025-06-02 10:58:13,2025-06-03 08:43:13,C007,Policy Checking,Operations South,E025,Standard,3,1.71,92.7,No,72,34.10,21.75,Met,2025-06
WO000531,2025-06-03 02:05:52,2025-06-03 20:08:52,C011,Direct Bill Posting,Operations North,E036,Standard,8,1.18,96.7,No,48,8.82,18.05,Met,2025-06
WO001434,2025-06-03 15:30:53,2025-06-04 00:23:05,C012,Document Retrieval,Operations North,E013,Standard,10,2.40,97.9,No,24,14.40,8.87,Met,2025-06
WO000098,2025-06-03 07:09:31,2025-06-05 03:28:07,C004,Certificate Issuance,Operations Central,E034,Standard,5,1.61,91.3,No,48,19.33,44.31,Met,2025-06
WO000871,2025-06-03 20:54:06,2025-06-05 07:46:54,C014,Direct Bill Posting,Operations North,E006,Standard,8,0.95,95.8,No,48,7.11,34.88,Met,2025-06
WO001383,2025-06-04 12:58:53,2025-06-05 09:40:53,C001,Direct Bill Posting,Operations North,E032,Rush,17,2.62,96.3,No,24,9.23,20.70,Met,2025-06
WO000932,2025-06-04 03:21:09,2025-06-05 12:59:33,C001,Direct Bill Posting,Operations South,E006,Standard,17,2.76,96.1,No,48,9.75,33.64,Met,2025-06
WO000774,2025-06-05 05:26:36,2025-06-05 13:34:24,C011,Certificate Issuance,Operations South,E028,Rush,4,1.57,96.2,No,24,23.55,8.13,Met,2025-06
WO000305,2025-06-03 21:29:49,2025-06-05 19:00:25,C010,Certificate Issuance,Operations Central,E022,Standard,4,0.87,96.5,No,48,12.99,45.51,Met,2025-06
WO001162,2025-06-05 02:12:00,2025-06-06 02:06:36,C014,Certificate Issuance,Operations Central,E019,Standard,5,1.72,99.7,No,48,20.63,23.91,Met,2025-06
WO000371,2025-06-05 07:15:44,2025-06-06 02:39:44,C007,Document Retrieval,Operations Central,E006,Standard,10,1.72,90.1,Yes,24,10.32,19.40,Met,2025-06
WO001549,2025-06-04 15:39:49,2025-06-06 05:51:49,C013,Direct Bill Posting,Operations South,E029,Standard,16,2.85,92.7,No,48,10.68,38.20,Met,2025-06
WO001452,2025-06-01 15:30:16,2025-06-06 09:22:28,C007,Policy Administration,Operations North,E011,Standard,5,2.46,90.5,Yes,72,29.47,113.87,Not Met,2025-06
WO000263,2025-06-05 17:18:46,2025-06-06 16:29:34,C007,Policy Administration,Operations Central,E028,Standard,2,0.73,93.3,No,72,21.80,23.18,Met,2025-06
WO000730,2025-06-03 23:47:10,2025-06-06 17:47:46,C002,Policy Administration,Operations South,E010,Standard,3,0.90,97.6,No,72,17.93,66.01,Met,2025-06
WO000164,2025-06-05 21:48:22,2025-06-07 04:14:46,C006,Policy Administration,Operations North,E003,Standard,3,1.26,98.7,No,72,25.28,30.44,Met,2025-06
WO000484,2025-06-06 01:25:26,2025-06-07 11:12:14,C015,Direct Bill Posting,Operations Central,E032,Standard,16,2.60,99.6,No,48,9.75,33.78,Met,2025-06
WO001459,2025-06-06 17:54:36,2025-06-07 18:07:48,C002,Policy Checking,Operations South,E022,Standard,4,3.00,99.9,No,72,44.98,24.22,Met,2025-06
WO000475,2025-06-07 01:02:13,2025-06-08 13:55:01,C004,Policy Checking,Operations North,E014,Standard,2,1.56,94.1,No,72,46.73,36.88,Met,2025-06
WO001134,2025-06-06 10:10:05,2025-06-08 16:19:05,C006,Policy Administration,Operations North,E035,Standard,2,0.62,91.5,Yes,72,18.54,54.15,Met,2025-06
WO000792,2025-06-07 18:08:01,2025-06-08 19:44:01,C012,Policy Administration,Operations Central,E025,Standard,1,0.28,95.1,Yes,72,16.67,25.60,Met,2025-06
WO001670,2025-06-08 23:20:55,2025-06-09 11:33:31,C006,Certificate Issuance,Operations Central,E020,Rush,6,2.29,97.8,No,24,22.85,12.21,Met,2025-06
WO001063,2025-06-04 16:55:45,2025-06-09 20:41:57,C006,Policy Checking,Operations Central,E006,Standard,4,2.51,97.9,No,72,37.59,123.77,Not Met,2025-06
WO001428,2025-06-08 13:39:02,2025-06-10 01:16:14,C013,Certificate Issuance,Operations South,E034,Standard,1,0.22,93.4,No,48,13.08,35.62,Met,2025-06
WO000178,2025-06-08 21:21:17,2025-06-10 06:45:53,C014,Policy Checking,Operations Central,E015,Standard,3,1.68,90.3,Yes,72,33.67,33.41,Met,2025-06
WO001125,2025-06-09 23:08:55,2025-06-11 10:20:55,C007,Policy Checking,Operations North,E005,Standard,2,0.89,94.5,No,72,26.60,35.20,Met,2025-06
WO001725,2025-06-09 09:44:30,2025-06-11 11:26:30,C004,Policy Checking,Operations Central,E018,Standard,2,0.94,99.8,No,72,28.06,49.70,Met,2025-06
WO001344,2025-06-10 12:47:31,2025-06-12 05:41:31,C007,Policy Administration,Operations Central,E028,Standard,1,0.27,92.0,No,72,16.40,40.90,Met,2025-06
WO000696,2025-06-10 22:16:25,2025-06-12 07:45:49,C011,Certificate Issuance,Operations Central,E027,Standard,1,0.31,93.5,No,48,18.41,33.49,Met,2025-06
WO000255,2025-06-11 18:44:37,2025-06-12 14:48:13,C013,Certificate Issuance,Operations North,E022,Standard,3,1.11,94.7,Yes,48,22.19,20.06,Met,2025-06
WO001662,2025-06-11 13:54:56,2025-06-12 22:19:32,C011,Direct Bill Posting,Operations North,E021,Standard,9,1.54,98.6,No,48,10.25,32.41,Met,2025-06
WO001713,2025-06-11 17:32:20,2025-06-12 23:17:56,C007,Policy Checking,Operations North,E019,Standard,4,2.62,95.9,No,72,39.23,29.76,Met,2025-06
WO000377,2025-06-11 16:49:04,2025-06-13 13:18:28,C012,Policy Administration,Operations North,E003,Standard,4,1.90,95.4,No,72,28.47,44.49,Met,2025-06
WO001272,2025-06-11 17:11:05,2025-06-13 17:35:05,C001,Policy Checking,Operations North,E001,Standard,2,1.03,94.7,No,72,30.85,48.40,Met,2025-06
WO001592,2025-06-13 05:03:47,2025-06-13 18:29:35,C010,Policy Checking,Operations South,E027,Rush,3,1.39,96.3,No,36,27.89,13.43,Met,2025-06
WO000664,2025-06-13 12:02:48,2025-06-14 04:20:12,C012,Certificate Issuance,Operations North,E032,Standard,4,0.90,92.5,No,48,13.55,16.29,Met,2025-06
WO000316,2025-06-13 10:46:13,2025-06-14 15:32:25,C011,Direct Bill Posting,Operations North,E034,Standard,7,0.92,94.4,No,48,7.92,28.77,Met,2025-06
WO000222,2025-06-13 09:42:16,2025-06-14 19:40:28,C006,Policy Checking,Operations North,E017,Standard,2,0.87,96.6,No,72,26.14,33.97,Met,2025-06
WO000376,2025-06-11 05:38:48,2025-06-14 20:58:00,C015,Certificate Issuance,Operations Central,E015,Standard,4,1.00,97.4,No,48,14.95,87.32,Not Met,2025-06
WO000216,2025-06-12 21:09:58,2025-06-14 23:58:34,C006,Certificate Issuance,Operations South,E004,Standard,4,1.20,97.7,No,48,17.99,50.81,Not Met,2025-06
WO000515,2025-06-14 01:17:45,2025-06-15 07:57:21,C013,Policy Checking,Operations North,E015,Rush,3,2.24,95.3,No,36,44.84,30.66,Met,2025-06
WO001071,2025-06-14 16:24:54,2025-06-15 14:25:30,C003,Direct Bill Posting,Operations North,E008,Standard,16,1.73,98.0,No,48,6.47,22.01,Met,2025-06
WO000018,2025-06-15 10:38:37,2025-06-16 03:03:49,C013,Certificate Issuance,Operations South,E015,Standard,5,1.50,96.3,No,48,17.95,16.42,Met,2025-06
WO000589,2025-06-15 20:37:05,2025-06-16 10:16:41,C005,Document Retrieval,Operations North,E022,Standard,9,1.66,96.8,No,24,11.09,13.66,Met,2025-06
WO001225,2025-06-15 05:27:16,2025-06-16 22:53:40,C008,Policy Administration,Operations North,E013,Standard,1,0.42,90.4,Yes,72,24.98,41.44,Met,2025-06
WO001376,2025-06-16 16:08:56,2025-06-17 03:14:56,C011,Document Retrieval,Operations Central,E027,Standard,6,1.41,95.9,No,24,14.14,11.10,Met,2025-06
WO000019,2025-06-16 10:16:01,2025-06-17 07:30:25,C006,Document Retrieval,Operations Central,E023,Standard,3,0.71,97.4,No,24,14.23,21.24,Met,2025-06
WO000460,2025-06-16 16:31:39,2025-06-17 18:17:15,C014,Direct Bill Posting,Operations South,E022,Standard,12,1.26,97.5,No,48,6.29,25.76,Met,2025-06
WO001023,2025-06-17 05:11:38,2025-06-17 18:44:38,C002,Direct Bill Posting,Operations Central,E025,Rush,15,1.57,91.2,No,24,6.27,13.55,Met,2025-06
WO000565,2025-06-16 06:49:44,2025-06-17 19:14:56,C014,Policy Administration,Operations Central,E029,Standard,1,0.40,90.3,Yes,72,23.91,36.42,Met,2025-06
WO001482,2025-06-13 01:35:53,2025-06-18 05:01:05,C001,Policy Administration,Operations South,E027,Standard,1,0.37,93.8,No,72,22.10,123.42,Not Met,2025-06
WO000783,2025-06-16 21:27:15,2025-06-18 19:58:27,C006,Policy Checking,Operations Central,E033,Standard,1,0.59,98.0,No,72,35.24,46.52,Met,2025-06
WO000863,2025-06-17 13:39:52,2025-06-18 22:08:40,C007,Policy Administration,Operations North,E008,Standard,2,0.69,91.9,No,72,20.65,32.48,Met,2025-06
WO001163,2025-06-18 07:29:40,2025-06-19 07:05:04,C002,Certificate Issuance,Operations North,E001,Standard,3,1.20,91.9,No,48,23.93,23.59,Met,2025-06
WO000842,2025-06-17 15:43:18,2025-06-19 09:36:42,C010,Direct Bill Posting,Operations North,E015,Standard,11,1.31,90.5,Yes,48,7.14,41.89,Met,2025-06
WO000993,2025-06-18 08:50:33,2025-06-19 10:23:33,C007,Policy Checking,Operations Central,E018,Standard,2,1.00,92.1,No,72,29.92,25.55,Met,2025-06
WO000685,2025-06-18 21:38:55,2025-06-19 13:00:31,C001,Document Retrieval,Operations South,E031,Standard,9,1.47,96.3,No,24,9.83,15.36,Met,2025-06
WO001156,2025-06-18 07:43:06,2025-06-19 19:23:54,C006,Certificate Issuance,Operations South,E010,Standard,2,0.47,93.1,No,48,14.24,35.68,Met,2025-06
WO000140,2025-06-19 18:59:48,2025-06-20 07:59:48,C008,Document Retrieval,Operations Central,E035,Standard,9,1.83,93.7,No,24,12.19,13.00,Met,2025-06
WO001292,2025-06-17 23:18:07,2025-06-20 11:00:43,C011,Direct Bill Posting,Operations North,E004,Standard,16,2.79,99.8,No,48,10.48,59.71,Not Met,2025-06
WO001326,2025-06-18 17:16:18,2025-06-20 11:46:54,C006,Certificate Issuance,Operations North,E029,Standard,6,1.37,96.9,No,48,13.73,42.51,Met,2025-06
WO000635,2025-06-20 01:19:31,2025-06-20 13:09:19,C006,Document Retrieval,Operations North,E035,Standard,10,2.17,98.6,No,24,13.01,11.83,Met,2025-06
WO001407,2025-06-19 05:02:20,2025-06-20 21:05:20,C011,Document Retrieval,Operations North,E002,Standard,8,1.58,95.4,No,24,11.87,40.05,Not Met,2025-06
WO001402,2025-06-20 21:00:01,2025-06-21 19:51:37,C009,Policy Checking,Operations South,E035,Standard,1,0.69,95.1,No,72,41.45,22.86,Met,2025-06
WO000053,2025-06-20 19:08:52,2025-06-22 12:56:52,C008,Certificate Issuance,Operations North,E027,Standard,5,1.61,97.0,No,48,19.29,41.80,Met,2025-06
WO001195,2025-06-21 17:20:37,2025-06-22 20:28:25,C010,Direct Bill Posting,Operations Central,E003,Standard,18,2.21,97.2,No,48,7.38,27.13,Met,2025-06
WO001460,2025-06-20 23:50:12,2025-06-22 21:19:36,C002,Policy Administration,Operations Central,E028,Standard,1,0.48,99.0,No,72,28.95,45.49,Met,2025-06
WO001080,2025-06-20 12:18:38,2025-06-22 22:22:50,C002,Policy Administration,Operations South,E027,Standard,5,2.22,93.6,Yes,72,26.69,58.07,Met,2025-06
WO001425,2025-06-21 09:21:04,2025-06-23 15:29:28,C007,Direct Bill Posting,Operations North,E017,Standard,5,0.69,98.8,No,48,8.33,54.14,Not Met,2025-06
WO000677,2025-06-22 16:47:31,2025-06-24 02:49:55,C012,Policy Checking,Operations Central,E030,Standard,2,1.23,91.3,No,72,36.81,34.04,Met,2025-06
WO000038,2025-06-23 18:27:24,2025-06-24 10:25:00,C012,Document Retrieval,Operations South,E021,Standard,7,1.19,91.5,No,24,10.18,15.96,Met,2025-06
WO001016,2025-06-21 19:30:02,2025-06-24 12:22:50,C009,Policy Checking,Operations South,E032,Standard,1,0.57,93.0,No,72,34.37,64.88,Met,2025-06
WO001116,2025-06-21 02:03:54,2025-06-24 19:07:30,C006,Policy Administration,Operations Central,E007,Standard,5,2.17,90.6,Yes,72,26.10,89.06,Not Met,2025-06
WO000007,2025-06-25 19:05:33,2025-06-26 15:36:09,C011,Direct Bill Posting,Operations North,E033,Standard,18,2.37,96.2,No,48,7.90,20.51,Met,2025-06
WO000886,2025-06-25 03:58:30,2025-06-26 16:41:06,C007,Policy Administration,Operations Central,E018,Standard,1,0.43,95.7,No,72,25.56,36.71,Met,2025-06
WO001307,2025-06-25 11:51:32,2025-06-26 19:20:56,C012,Policy Administration,Operations North,E032,Standard,4,1.77,99.8,No,72,26.58,31.49,Met,2025-06
WO001441,2025-06-26 11:09:15,2025-06-26 22:20:39,C008,Policy Checking,Operations South,E006,Rush,1,0.72,92.2,No,36,43.48,11.19,Met,2025-06
WO000123,2025-06-26 06:00:00,2025-06-27 01:46:12,C008,Certificate Issuance,Operations North,E008,Standard,3,0.66,96.3,No,48,13.24,19.77,Met,2025-06
WO000702,2025-06-24 17:03:30,2025-06-27 04:26:54,C013,Direct Bill Posting,Operations Central,E024,Standard,15,1.94,91.7,No,48,7.77,59.39,Not Met,2025-06
WO000477,2025-06-24 01:59:46,2025-06-27 08:24:22,C007,Certificate Issuance,Operations North,E018,Standard,6,1.35,97.9,No,48,13.52,78.41,Not Met,2025-06
WO000802,2025-06-27 05:36:06,2025-06-27 15:51:42,C001,Certificate Issuance,Operations Central,E014,Rush,4,1.51,94.9,No,24,22.66,10.26,Met,2025-06
WO000857,2025-06-27 18:48:15,2025-06-27 23:06:15,C008,Document Retrieval,Operations South,E010,Rush,5,0.97,95.6,No,12,11.65,4.30,Met,2025-06
WO000180,2025-06-28 07:03:53,2025-06-28 20:44:05,C003,Document Retrieval,Operations North,E032,Standard,8,1.39,92.5,No,24,10.39,13.67,Met,2025-06
WO000612,2025-06-28 19:12:02,2025-06-29 04:58:50,C008,Document Retrieval,Operations Central,E034,Rush,10,2.18,95.8,No,12,13.09,9.78,Met,2025-06
WO001602,2025-06-27 11:48:34,2025-06-29 06:47:22,C002,Direct Bill Posting,Operations South,E028,Standard,8,1.22,93.7,No,48,9.12,42.98,Met,2025-06
WO000448,2025-06-27 16:47:17,2025-06-29 13:22:05,C014,Document Retrieval,Operations North,E032,Standard,8,1.86,96.2,No,24,13.94,44.58,Not Met,2025-06
WO001456,2025-06-27 20:28:08,2025-06-29 13:26:56,C010,Certificate Issuance,Operations Central,E033,Standard,5,1.79,91.9,No,48,21.47,40.98,Met,2025-06
WO001538,2025-06-29 08:00:11,2025-06-29 15:34:23,C002,Document Retrieval,Operations Central,E029,Standard,10,2.54,95.8,No,24,15.25,7.57,Met,2025-06
WO000519,2025-06-28 22:08:16,2025-06-30 01:50:52,C013,Policy Administration,Operations South,E016,Standard,1,0.41,95.9,No,72,24.90,27.71,Met,2025-06
WO001463,2025-06-29 00:18:51,2025-06-30 07:07:27,C010,Document Retrieval,Operations North,E001,Standard,1,0.24,92.0,No,24,14.67,30.81,Not Met,2025-06
WO000396,2025-06-30 13:59:47,2025-07-01 03:41:11,C002,Document Retrieval,Operations Central,E002,Standard,1,0.15,90.9,Yes,24,9.06,13.69,Met,2025-07
WO001183,2025-06-29 13:30:57,2025-07-01 11:54:57,C010,Policy Checking,Operations Central,E005,Standard,1,0.68,93.2,No,72,40.54,46.40,Met,2025-07
WO001528,2025-06-29 12:43:11,2025-07-02 02:22:47,C010,Policy Checking,Operations South,E004,Standard,1,0.47,95.9,No,72,28.02,61.66,Met,2025-07
WO001253,2025-06-27 04:41:17,2025-07-02 02:26:17,C003,Policy Checking,Operations South,E017,Standard,2,1.11,92.6,No,72,33.30,117.75,Not Met,2025-07
WO001353,2025-07-01 14:10:19,2025-07-02 12:47:31,C015,Document Retrieval,Operations North,E022,Standard,4,0.93,91.3,No,24,14.00,22.62,Met,2025-07
WO000044,2025-07-02 09:30:38,2025-07-02 19:31:50,C011,Document Retrieval,Operations North,E015,Standard,5,1.00,98.1,No,24,11.97,10.02,Met,2025-07
WO001237,2025-07-01 08:52:11,2025-07-02 23:05:23,C002,Certificate Issuance,Operations Central,E021,Standard,3,1.09,93.8,No,48,21.78,38.22,Met,2025-07
WO000189,2025-07-01 02:12:42,2025-07-03 01:32:30,C011,Policy Administration,Operations South,E005,Standard,5,1.84,91.2,No,72,22.07,47.33,Met,2025-07
WO001065,2025-07-01 19:17:02,2025-07-03 18:42:14,C001,Policy Checking,Operations North,E028,Rush,2,0.99,98.6,No,36,29.63,47.42,Not Met,2025-07
WO001664,2025-07-03 07:06:25,2025-07-04 09:26:13,C008,Direct Bill Posting,Operations Central,E025,Standard,7,0.71,90.4,Yes,48,6.06,26.33,Met,2025-07
WO001101,2025-07-03 08:39:03,2025-07-04 19:25:51,C003,Policy Administration,Operations Central,E003,Standard,3,0.86,97.0,No,72,17.22,34.78,Met,2025-07
WO000467,2025-07-03 00:57:16,2025-07-05 03:55:28,C004,Policy Checking,Operations North,E019,Standard,2,1.14,98.2,No,72,34.05,50.97,Met,2025-07
WO000012,2025-07-02 20:24:06,2025-07-05 22:49:54,C011,Certificate Issuance,Operations South,E013,Standard,4,0.92,95.7,No,48,13.85,74.43,Not Met,2025-07
WO000036,2025-07-03 19:50:28,2025-07-06 02:55:52,C006,Policy Checking,Operations Central,E029,Standard,1,0.65,99.0,No,72,39.18,55.09,Met,2025-07
WO000663,2025-07-04 00:49:59,2025-07-06 11:25:23,C005,Policy Checking,Operations North,E028,Standard,3,1.82,99.4,No,72,36.38,58.59,Met,2025-07
WO001630,2025-07-06 07:59:59,2025-07-06 23:50:23,C002,Certificate Issuance,Operations South,E004,Standard,4,0.99,91.4,No,48,14.85,15.84,Met,2025-07
WO000054,2025-07-04 22:29:08,2025-07-07 01:10:32,C006,Policy Administration,Operations Central,E014,Standard,1,0.42,91.0,No,72,24.97,50.69,Met,2025-07
WO000878,2025-07-07 07:42:55,2025-07-07 22:45:19,C005,Document Retrieval,Operations Central,E025,Standard,8,1.18,94.4,No,24,8.82,15.04,Met,2025-07
WO001413,2025-07-07 08:45:51,2025-07-08 00:39:15,C003,Direct Bill Posting,Operations North,E005,Standard,5,0.88,93.6,No,48,10.62,15.89,Met,2025-07
WO001220,2025-07-07 14:01:33,2025-07-08 01:45:57,C013,Direct Bill Posting,Operations North,E005,Rush,11,1.96,94.6,No,24,10.68,11.74,Met,2025-07
WO001793,2025-07-06 13:48:10,2025-07-08 04:29:34,C011,Direct Bill Posting,Operations South,E009,Standard,15,2.49,99.1,No,48,9.97,38.69,Met,2025-07
WO000169,2025-07-07 23:21:28,2025-07-08 18:31:40,C002,Certificate Issuance,Operations Central,E012,Standard,1,0.23,92.4,No,48,13.71,19.17,Met,2025-07
WO000909,2025-07-08 00:26:09,2025-07-09 02:16:33,C006,Certificate Issuance,Operations Central,E034,Rush,5,1.83,92.2,No,24,21.93,25.84,Not Met,2025-07
WO000116,2025-07-07 04:30:43,2025-07-09 07:33:43,C012,Policy Checking,Operations Central,E036,Rush,4,2.88,97.8,No,36,43.24,51.05,Not Met,2025-07
WO000881,2025-07-08 13:02:05,2025-07-09 22:52:29,C013,Policy Checking,Operations South,E006,Rush,1,0.79,97.5,No,36,47.53,33.84,Met,2025-07
WO000868,2025-07-07 12:18:42,2025-07-09 23:45:42,C011,Certificate Issuance,Operations North,E024,Standard,3,1.15,91.1,No,48,23.06,59.45,Not Met,2025-07
WO001260,2025-07-08 23:57:30,2025-07-12 07:58:06,C004,Certificate Issuance,Operations South,E019,Standard,1,0.29,96.8,No,48,17.51,80.01,Not Met,2025-07
WO001293,2025-07-10 13:19:40,2025-07-12 12:16:40,C001,Policy Checking,Operations Central,E027,Standard,4,2.62,97.0,No,72,39.32,46.95,Met,2025-07
WO001180,2025-07-11 21:35:40,2025-07-12 13:51:16,C007,Policy Checking,Operations South,E012,Rush,4,2.16,97.0,No,36,32.44,16.26,Met,2025-07
WO000536,2025-07-11 12:09:31,2025-07-12 18:17:19,C013,Policy Administration,Operations North,E035,Standard,3,0.83,95.0,No,72,16.60,30.13,Met,2025-07
WO001018,2025-07-11 21:50:45,2025-07-13 02:06:57,C011,Document Retrieval,Operations North,E010,Standard,9,2.39,99.8,No,24,15.94,28.27,Not Met,2025-07
WO001551,2025-07-10 14:45:28,2025-07-13 07:38:52,C008,Policy Administration,Operations South,E015,Standard,5,1.69,92.7,No,72,20.24,64.89,Met,2025-07
WO000914,2025-07-11 00:42:19,2025-07-13 14:15:55,C011,Policy Checking,Operations Central,E017,Standard,4,1.98,97.9,No,72,29.67,61.56,Met,2025-07
WO000173,2025-07-13 21:31:00,2025-07-14 01:29:48,C008,Document Retrieval,Operations South,E012,Rush,6,1.29,96.4,No,12,12.93,3.98,Met,2025-07
WO000741,2025-07-12 23:59:37,2025-07-14 02:20:37,C007,Policy Checking,Operations Central,E010,Rush,4,2.22,92.0,No,36,33.36,26.35,Met,2025-07
WO001765,2025-07-13 02:23:41,2025-07-14 03:57:17,C009,Policy Checking,Operations South,E018,Standard,2,1.36,95.4,No,72,40.90,25.56,Met,2025-07
WO001561,2025-07-12 22:14:29,2025-07-14 07:17:29,C004,Certificate Issuance,Operations South,E030,Standard,4,1.60,97.3,No,48,24.00,33.05,Met,2025-07
WO000218,2025-07-14 01:49:44,2025-07-14 18:12:32,C003,Direct Bill Posting,Operations North,E015,Standard,7,1.03,95.4,No,48,8.83,16.38,Met,2025-07
WO001761,2025-07-13 22:38:49,2025-07-14 21:46:37,C012,Policy Administration,Operations South,E028,Standard,1,0.47,98.0,No,72,28.47,23.13,Met,2025-07
WO000714,2025-07-13 18:39:58,2025-07-14 23:37:34,C010,Policy Checking,Operations Central,E016,Standard,4,2.98,95.2,No,72,44.66,28.96,Met,2025-07
WO000661,2025-07-11 13:33:19,2025-07-15 04:12:19,C006,Certificate Issuance,Operations Central,E032,Standard,2,0.79,92.8,No,48,23.64,86.65,Not Met,2025-07
WO000170,2025-07-13 03:18:12,2025-07-15 10:57:48,C014,Policy Checking,Operations North,E017,Standard,2,1.22,97.9,No,72,36.67,55.66,Met,2025-07
WO001011,2025-07-13 21:13:53,2025-07-16 01:24:41,C004,Policy Checking,Operations Central,E033,Standard,3,2.15,92.7,No,72,42.99,52.18,Met,2025-07
WO001096,2025-07-14 15:09:04,2025-07-16 05:58:16,C010,Policy Administration,Operations South,E025,Rush,3,1.14,99.8,No,36,22.77,38.82,Not Met,2025-07
WO001336,2025-07-16 07:45:50,2025-07-16 15:49:26,C002,Document Retrieval,Operations Central,E011,Standard,10,1.97,93.1,No,24,11.80,8.06,Met,2025-07
WO000641,2025-07-14 16:19:23,2025-07-17 06:04:59,C014,Policy Administration,Operations Central,E012,Standard,1,0.34,97.1,No,72,20.15,61.76,Met,2025-07
WO000086,2025-07-16 14:39:15,2025-07-17 10:23:39,C005,Direct Bill Posting,Operations South,E016,Standard,13,2.06,97.9,No,48,9.52,19.74,Met,2025-07
WO001454,2025-07-16 11:12:20,2025-07-17 14:26:08,C006,Policy Administration,Operations South,E016,Standard,5,2.29,91.1,No,72,27.51,27.23,Met,2025-07
WO000718,2025-07-17 03:26:43,2025-07-17 20:29:07,C014,Direct Bill Posting,Operations Central,E036,Standard,20,3.31,98.8,No,48,9.92,17.04,Met,2025-07
WO000295,2025-07-16 04:39:50,2025-07-17 22:54:50,C006,Certificate Issuance,Operations South,E029,Standard,3,1.14,97.9,No,48,22.70,42.25,Met,2025-07
WO000700,2025-07-18 01:53:57,2025-07-18 20:56:21,C009,Document Retrieval,Operations South,E023,Standard,1,0.19,97.3,No,24,11.50,19.04,Met,2025-07
WO001621,2025-07-18 11:15:44,2025-07-19 11:21:08,C010,Policy Administration,Operations Central,E001,Standard,1,0.38,91.2,Yes,72,22.65,24.09,Met,2025-07
WO001694,2025-07-17 01:31:30,2025-07-19 17:32:06,C002,Policy Checking,Operations South,E008,Standard,3,1.43,92.3,No,72,28.63,64.01,Met,2025-07
WO001044,2025-07-19 16:54:19,2025-07-20 03:23:07,C001,Document Retrieval,Operations Central,E036,Standard,8,2.14,95.8,Yes,24,16.03,10.48,Met,2025-07
WO000486,2025-07-18 03:08:20,2025-07-20 04:00:32,C002,Policy Administration,Operations North,E022,Standard,4,1.93,96.4,No,72,28.89,48.87,Met,2025-07
WO001301,2025-07-17 17:32:15,2025-07-20 12:56:51,C004,Policy Administration,Operations South,E002,Standard,1,0.45,91.0,No,72,26.90,67.41,Met,2025-07
WO000109,2025-07-21 01:06:27,2025-07-21 04:52:03,C013,Document Retrieval,Operations North,E024,Rush,10,2.73,98.6,No,12,16.39,3.76,Met,2025-07
WO001710,2025-07-19 22:52:36,2025-07-21 05:54:24,C003,Policy Checking,Operations North,E015,Standard,1,0.50,98.2,No,72,30.01,31.03,Met,2025-07
WO000408,2025-07-20 10:59:43,2025-07-21 13:30:19,C015,Certificate Issuance,Operations Central,E006,Standard,5,1.11,96.3,No,48,13.27,26.51,Met,2025-07
WO000751,2025-07-22 02:23:09,2025-07-22 12:21:21,C008,Document Retrieval,Operations North,E015,Standard,9,1.71,95.6,No,24,11.38,9.97,Met,2025-07
WO001720,2025-07-18 04:06:02,2025-07-22 12:37:14,C014,Policy Administration,Operations South,E020,Standard,1,0.41,90.1,Yes,72,24.79,104.52,Not Met,2025-07
WO000040,2025-07-21 17:00:56,2025-07-22 14:10:32,C009,Certificate Issuance,Operations North,E006,Standard,2,0.56,93.4,No,48,16.79,21.16,Met,2025-07
WO000322,2025-07-21 17:47:11,2025-07-22 15:35:47,C009,Certificate Issuance,Operations North,E003,Standard,1,0.32,97.4,No,48,18.95,21.81,Met,2025-07
WO000297,2025-07-18 00:40:45,2025-07-22 15:41:57,C012,Policy Administration,Operations South,E009,Standard,3,0.80,95.3,No,72,16.02,111.02,Not Met,2025-07
WO001473,2025-07-23 01:12:15,2025-07-23 19:14:03,C006,Policy Administration,Operations South,E013,Rush,4,1.79,95.3,No,36,26.83,18.03,Met,2025-07
WO001666,2025-07-20 19:58:31,2025-07-23 20:21:55,C006,Certificate Issuance,Operations Central,E031,Standard,3,0.97,91.3,No,48,19.45,72.39,Not Met,2025-07
WO001039,2025-07-20 18:05:41,2025-07-24 03:16:29,C004,Direct Bill Posting,Operations South,E002,Standard,14,1.47,95.2,No,48,6.31,81.18,Not Met,2025-07
WO000926,2025-07-22 16:06:16,2025-07-24 10:35:04,C004,Certificate Issuance,Operations North,E005,Standard,5,1.58,99.7,No,48,18.91,42.48,Met,2025-07
WO001480,2025-07-24 16:44:28,2025-07-25 21:49:52,C011,Document Retrieval,Operations South,E018,Standard,4,0.66,97.4,No,24,9.84,29.09,Not Met,2025-07
WO001532,2025-07-24 21:02:34,2025-07-26 15:02:34,C005,Policy Administration,Operations Central,E024,Standard,5,2.36,93.6,No,72,28.34,42.00,Met,2025-07
WO000983,2025-07-24 11:48:37,2025-07-26 15:33:01,C005,Certificate Issuance,Operations South,E007,Standard,2,0.73,92.9,No,48,21.84,51.74,Not Met,2025-07
WO000654,2025-07-24 09:17:23,2025-07-27 00:20:23,C005,Policy Checking,Operations North,E007,Standard,1,0.68,92.4,No,72,40.69,63.05,Met,2025-07
WO001647,2025-07-26 08:33:44,2025-07-27 06:43:56,C012,Document Retrieval,Operations South,E021,Standard,10,2.49,93.8,No,24,14.93,22.17,Met,2025-07
WO000002,2025-07-27 11:24:33,2025-07-27 19:53:21,C003,Document Retrieval,Operations Central,E030,Rush,6,0.99,94.5,No,12,9.95,8.48,Met,2025-07
WO001188,2025-07-25 20:14:16,2025-07-28 06:29:16,C013,Policy Checking,Operations Central,E007,Rush,2,1.06,92.5,No,36,31.69,58.25,Not Met,2025-07
WO001708,2025-07-26 13:48:33,2025-07-28 09:58:45,C004,Certificate Issuance,Operations North,E005,Standard,3,0.76,94.8,No,48,15.10,44.17,Met,2025-07
WO000285,2025-07-26 10:17:21,2025-07-28 12:25:45,C005,Direct Bill Posting,Operations South,E005,Standard,5,0.63,92.0,No,48,7.60,50.14,Not Met,2025-07
WO001767,2025-07-26 23:11:57,2025-07-28 15:15:33,C008,Document Retrieval,Operations South,E035,Standard,2,0.42,93.9,No,24,12.56,40.06,Not Met,2025-07
WO000265,2025-07-26 13:54:24,2025-07-28 22:47:12,C009,Policy Checking,Operations Central,E004,Standard,2,1.51,93.1,No,72,45.36,56.88,Met,2025-07
WO000538,2025-07-27 15:07:25,2025-07-28 23:00:49,C014,Certificate Issuance,Operations South,E010,Standard,4,0.87,91.1,No,48,13.03,31.89,Met,2025-07
WO000079,2025-07-27 10:44:31,2025-07-29 05:14:31,C011,Certificate Issuance,Operations Central,E014,Standard,3,0.72,98.2,No,48,14.45,42.50,Met,2025-07
WO001610,2025-07-28 01:31:54,2025-07-29 07:42:06,C014,Policy Checking,Operations North,E006,Rush,2,1.46,96.6,No,36,43.91,30.17,Met,2025-07
WO001261,2025-07-28 13:26:23,2025-07-29 07:58:11,C005,Document Retrieval,Operations Central,E015,Standard,1,0.26,94.7,No,24,15.37,18.53,Met,2025-07
WO000853,2025-07-29 12:11:25,2025-07-29 21:01:13,C003,Document Retrieval,Operations North,E006,Standard,9,1.35,99.4,No,24,8.98,8.83,Met,2025-07
WO000949,2025-07-28 13:43:45,2025-07-30 08:57:33,C014,Policy Checking,Operations Central,E032,Standard,1,0.70,95.6,No,72,41.94,43.23,Met,2025-07
WO000644,2025-07-29 05:41:27,2025-07-30 13:45:39,C005,Policy Administration,Operations North,E006,Rush,1,0.46,98.0,No,36,27.70,32.07,Met,2025-07
WO000766,2025-07-29 21:08:26,2025-07-30 13:46:14,C010,Document Retrieval,Operations Central,E026,Standard,9,1.99,91.0,No,24,13.25,16.63,Met,2025-07
WO000361,2025-07-28 01:56:37,2025-07-30 20:15:13,C012,Policy Checking,Operations South,E016,Standard,1,0.57,99.4,No,72,34.38,66.31,Met,2025-07
WO001118,2025-07-29 06:01:50,2025-07-31 19:42:02,C006,Direct Bill Posting,Operations Central,E016,Standard,19,3.33,95.5,No,48,10.53,61.67,Not Met,2025-07
WO000694,2025-07-27 15:50:27,2025-08-01 01:04:15,C015,Policy Administration,Operations South,E013,Standard,3,1.10,90.9,Yes,72,22.08,105.23,Not Met,2025-08
WO001651,2025-07-31 08:40:42,2025-08-01 10:43:06,C011,Certificate Issuance,Operations Central,E036,Rush,4,1.64,92.5,No,24,24.67,26.04,Not Met,2025-08
WO001752,2025-07-31 05:53:50,2025-08-01 12:06:26,C002,Policy Checking,Operations North,E012,Standard,2,1.47,95.1,No,72,44.09,30.21,Met,2025-08
WO000772,2025-07-31 17:05:07,2025-08-01 14:54:19,C014,Document Retrieval,Operations North,E025,Standard,10,2.25,98.5,No,24,13.48,21.82,Met,2025-08
WO001688,2025-07-30 06:49:53,2025-08-01 14:58:53,C009,Policy Checking,Operations Central,E016,Standard,3,1.95,93.4,No,72,38.93,56.15,Met,2025-08
WO001734,2025-07-29 14:02:51,2025-08-02 04:00:27,C012,Policy Checking,Operations Central,E020,Standard,3,1.43,97.6,No,72,28.64,85.96,Not Met,2025-08
WO001676,2025-08-01 03:42:27,2025-08-02 10:25:03,C015,Certificate Issuance,Operations Central,E014,Standard,3,1.07,98.3,No,48,21.40,30.71,Met,2025-08
WO000906,2025-07-31 01:18:59,2025-08-02 13:15:23,C015,Policy Administration,Operations Central,E020,Standard,3,1.44,91.3,No,72,28.89,59.94,Met,2025-08
WO001385,2025-08-02 02:52:05,2025-08-02 13:52:05,C011,Document Retrieval,Operations Central,E012,Standard,3,0.51,90.3,Yes,24,10.10,11.00,Met,2025-08
WO000844,2025-08-02 15:47:10,2025-08-03 04:18:22,C009,Direct Bill Posting,Operations North,E024,Rush,11,1.92,96.9,No,24,10.49,12.52,Met,2025-08
WO000168,2025-08-01 20:24:48,2025-08-03 06:48:48,C015,Policy Checking,Operations South,E017,Standard,4,2.14,95.9,No,72,32.15,34.40,Met,2025-08
WO000474,2025-08-03 21:05:48,2025-08-04 03:17:48,C007,Document Retrieval,Operations South,E004,Rush,7,1.43,92.6,No,12,12.25,6.20,Met,2025-08
WO000893,2025-08-02 02:59:56,2025-08-04 09:24:32,C008,Policy Checking,Operations North,E024,Standard,4,2.92,93.4,No,72,43.75,54.41,Met,2025-08
WO001342,2025-08-04 06:12:33,2025-08-04 13:59:57,C002,Document Retrieval,Operations South,E034,Standard,5,0.89,99.5,No,24,10.68,7.79,Met,2025-08
WO000425,2025-08-03 17:37:43,2025-08-04 18:22:07,C009,Direct Bill Posting,Operations South,E036,Standard,19,2.13,98.7,No,48,6.72,24.74,Met,2025-08
WO001087,2025-08-04 08:16:56,2025-08-05 01:13:56,C003,Document Retrieval,Operations Central,E002,Standard,5,1.08,94.4,No,24,12.91,16.95,Met,2025-08
WO001154,2025-08-02 09:39:34,2025-08-05 02:19:10,C010,Policy Administration,Operations South,E021,Standard,1,0.27,97.6,No,72,16.14,64.66,Met,2025-08
WO001442,2025-08-04 19:08:06,2025-08-05 03:16:30,C014,Document Retrieval,Operations Central,E016,Standard,4,0.77,94.2,No,24,11.58,8.14,Met,2025-08
WO000161,2025-08-02 23:58:38,2025-08-05 08:48:26,C005,Direct Bill Posting,Operations North,E023,Standard,8,0.82,93.3,No,48,6.15,56.83,Not Met,2025-08
WO001471,2025-08-06 01:48:04,2025-08-06 21:01:52,C006,Direct Bill Posting,Operations North,E030,Standard,11,1.35,98.5,No,48,7.34,19.23,Met,2025-08
WO000339,2025-08-05 18:22:29,2025-08-07 02:15:17,C014,Direct Bill Posting,Operations Central,E029,Standard,16,2.71,90.2,Yes,48,10.15,31.88,Met,2025-08
WO000057,2025-08-04 22:36:13,2025-08-07 06:57:13,C002,Policy Administration,Operations Central,E020,Standard,2,0.55,97.7,No,72,16.51,56.35,Met,2025-08
WO000099,2025-08-07 03:06:16,2025-08-08 01:32:04,C005,Document Retrieval,Operations North,E025,Standard,10,1.56,92.3,No,24,9.37,22.43,Met,2025-08
WO000308,2025-08-08 01:15:06,2025-08-08 12:44:30,C004,Direct Bill Posting,Operations South,E030,Rush,17,2.16,94.8,Yes,24,7.62,11.49,Met,2025-08
WO001404,2025-08-07 13:12:32,2025-08-08 12:56:20,C005,Direct Bill Posting,Operations Central,E011,Standard,7,0.92,96.4,No,48,7.85,23.73,Met,2025-08
WO000261,2025-08-07 21:08:51,2025-08-09 06:53:15,C007,Policy Administration,Operations South,E009,Standard,4,1.91,90.7,Yes,72,28.59,33.74,Met,2025-08
WO000386,2025-08-08 09:02:16,2025-08-09 10:43:04,C015,Direct Bill Posting,Operations North,E032,Standard,19,1.90,93.9,No,48,5.99,25.68,Met,2025-08
WO001040,2025-08-08 16:24:12,2025-08-10 11:20:00,C013,Direct Bill Posting,Operations Central,E034,Standard,12,1.20,99.3,No,48,5.99,42.93,Met,2025-08
WO000950,2025-08-10 00:55:26,2025-08-10 11:26:02,C013,Document Retrieval,Operations South,E002,Standard,10,1.47,90.4,Yes,24,8.84,10.51,Met,2025-08
WO000576,2025-08-09 23:25:23,2025-08-10 15:17:35,C007,Certificate Issuance,Operations North,E028,Rush,5,1.92,95.1,No,24,23.01,15.87,Met,2025-08
WO000611,2025-08-09 08:04:15,2025-08-11 01:38:27,C003,Direct Bill Posting,Operations South,E030,Standard,15,2.03,90.8,Yes,48,8.11,41.57,Met,2025-08
WO000158,2025-08-10 20:41:46,2025-08-11 05:39:58,C015,Document Retrieval,Operations North,E031,Rush,9,1.80,95.6,No,12,11.99,8.97,Met,2025-08
WO001027,2025-08-11 04:38:14,2025-08-11 12:30:26,C015,Document Retrieval,Operations Central,E006,Standard,7,1.86,98.4,No,24,15.94,7.87,Met,2025-08
WO000045,2025-08-06 20:56:38,2025-08-11 22:21:14,C009,Policy Administration,Operations North,E005,Standard,5,1.38,95.6,No,72,16.61,121.41,Not Met,2025-08
WO000201,2025-08-11 13:12:04,2025-08-12 10:37:16,C012,Certificate Issuance,Operations Central,E013,Standard,3,1.11,90.3,Yes,48,22.28,21.42,Met,2025-08
WO001244,2025-08-10 00:13:47,2025-08-12 10:49:47,C004,Policy Checking,Operations South,E001,Standard,3,2.08,95.5,No,72,41.51,58.60,Met,2025-08
WO001772,2025-08-10 16:08:59,2025-08-12 14:32:23,C013,Policy Administration,Operations Central,E031,Standard,4,1.16,98.9,No,72,17.38,46.39,Met,2025-08
WO000375,2025-08-11 00:30:41,2025-08-12 17:29:29,C009,Certificate Issuance,Operations North,E002,Standard,2,0.55,98.6,No,48,16.49,40.98,Met,2025-08
WO001759,2025-08-10 18:23:10,2025-08-13 09:19:34,C008,Certificate Issuance,Operations South,E008,Standard,5,1.42,98.4,Yes,48,17.04,62.94,Not Met,2025-08
WO000587,2025-08-13 01:51:51,2025-08-13 13:05:39,C007,Policy Administration,Operations Central,E003,Rush,3,1.49,100.0,No,36,29.82,11.23,Met,2025-08
WO001207,2025-08-10 04:51:16,2025-08-13 21:29:04,C013,Direct Bill Posting,Operations South,E025,Standard,17,2.66,96.7,No,48,9.40,88.63,Not Met,2025-08
WO001152,2025-08-13 09:33:58,2025-08-14 06:03:58,C011,Direct Bill Posting,Operations Central,E001,Standard,15,1.69,98.3,No,48,6.77,20.50,Met,2025-08
WO001082,2025-08-13 10:38:13,2025-08-14 16:58:37,C014,Certificate Issuance,Operations Central,E009,Standard,4,0.90,99.5,No,48,13.46,30.34,Met,2025-08
WO001796,2025-08-11 20:34:08,2025-08-15 08:20:20,C011,Policy Checking,Operations Central,E008,Standard,1,0.69,90.8,Yes,72,41.35,83.77,Not Met,2025-08
WO001777,2025-08-14 05:25:09,2025-08-15 10:58:45,C012,Policy Administration,Operations North,E023,Rush,2,0.61,99.8,No,36,18.18,29.56,Met,2025-08
WO001309,2025-08-14 09:42:26,2025-08-15 14:55:38,C003,Certificate Issuance,Operations Central,E013,Standard,4,1.13,98.3,No,48,17.01,29.22,Met,2025-08
WO000897,2025-08-14 06:20:59,2025-08-15 20:30:35,C008,Certificate Issuance,Operations North,E022,Standard,4,1.32,90.9,Yes,48,19.81,38.16,Met,2025-08
WO001540,2025-08-15 05:31:55,2025-08-16 02:11:31,C015,Direct Bill Posting,Operations Central,E027,Standard,12,2.12,92.0,No,48,10.62,20.66,Met,2025-08
WO000580,2025-08-14 16:23:45,2025-08-16 07:22:33,C001,Certificate Issuance,Operations Central,E007,Standard,5,1.26,97.2,No,48,15.09,38.98,Met,2025-08
WO000228,2025-08-15 15:13:01,2025-08-16 08:25:37,C010,Direct Bill Posting,Operations Central,E029,Standard,13,1.56,95.0,No,48,7.21,17.21,Met,2025-08
WO000683,2025-08-12 16:31:20,2025-08-16 12:40:20,C015,Policy Checking,Operations South,E032,Standard,2,1.21,95.6,No,72,36.39,92.15,Not Met,2025-08
WO000653,2025-08-14 15:52:04,2025-08-16 12:43:40,C006,Policy Checking,Operations North,E033,Standard,3,1.58,95.1,No,72,31.60,44.86,Met,2025-08
WO001735,2025-08-15 19:29:01,2025-08-16 13:09:13,C012,Document Retrieval,Operations Central,E012,Standard,8,1.66,94.3,No,24,12.42,17.67,Met,2025-08
WO000447,2025-08-16 08:03:28,2025-08-16 13:10:40,C001,Document Retrieval,Operations Central,E019,Rush,2,0.54,96.2,No,12,16.06,5.12,Met,2025-08
WO000367,2025-08-15 16:16:24,2025-08-16 21:57:48,C002,Direct Bill Posting,Operations North,E012,Standard,8,0.77,95.9,No,48,5.81,29.69,Met,2025-08
WO000132,2025-08-16 10:11:07,2025-08-17 02:22:31,C011,Direct Bill Posting,Operations North,E008,Standard,7,1.04,91.4,No,48,8.91,16.19,Met,2025-08
WO000633,2025-08-15 19:19:43,2025-08-17 12:43:07,C011,Policy Checking,Operations South,E026,Standard,2,1.55,90.8,Yes,72,46.47,41.39,Met,2025-08
WO000507,2025-08-16 17:24:22,2025-08-17 13:48:58,C008,Certificate Issuance,Operations South,E036,Standard,3,1.20,99.6,No,48,24.07,20.41,Met,2025-08
WO000043,2025-08-15 21:45:10,2025-08-17 16:18:10,C006,Policy Checking,Operations South,E031,Standard,2,1.34,98.8,No,72,40.09,42.55,Met,2025-08
WO000491,2025-08-17 04:15:40,2025-08-18 02:22:16,C010,Policy Administration,Operations Central,E019,Rush,2,0.97,91.4,No,36,29.19,22.11,Met,2025-08
WO000400,2025-08-17 11:28:06,2025-08-18 04:46:06,C009,Direct Bill Posting,Operations Central,E030,Standard,15,2.31,95.4,No,48,9.24,17.30,Met,2025-08
WO000643,2025-08-18 01:27:16,2025-08-18 17:50:40,C007,Document Retrieval,Operations Central,E007,Standard,1,0.24,91.6,No,24,14.66,16.39,Met,2025-08
WO001358,2025-08-16 21:43:24,2025-08-18 19:57:48,C014,Policy Administration,Operations Central,E002,Standard,2,0.70,98.8,No,72,21.09,46.24,Met,2025-08
WO000244,2025-08-17 10:03:42,2025-08-18 23:34:54,C009,Certificate Issuance,Operations Central,E029,Standard,6,1.73,97.4,No,48,17.28,37.52,Met,2025-08
WO000823,2025-08-18 09:23:23,2025-08-19 01:02:59,C005,Certificate Issuance,Operations North,E031,Standard,1,0.39,94.7,No,48,23.41,15.66,Met,2025-08
WO001074,2025-08-18 20:48:44,2025-08-19 12:48:44,C013,Certificate Issuance,Operations Central,E018,Rush,5,1.46,92.3,No,24,17.50,16.00,Met,2025-08
WO001075,2025-08-19 04:26:53,2025-08-19 14:11:53,C006,Document Retrieval,Operations North,E015,Standard,9,1.33,98.0,No,24,8.88,9.75,Met,2025-08
WO000046,2025-08-16 06:43:00,2025-08-19 17:40:00,C003,Direct Bill Posting,Operations South,E017,Standard,15,1.88,94.7,No,48,7.50,82.95,Not Met,2025-08
WO001283,2025-08-18 17:28:34,2025-08-19 20:41:46,C009,Policy Administration,Operations South,E014,Standard,1,0.38,94.1,No,72,22.79,27.22,Met,2025-08
WO001405,2025-08-19 02:51:56,2025-08-19 20:57:20,C003,Certificate Issuance,Operations Central,E036,Rush,2,0.61,93.6,No,24,18.35,18.09,Met,2025-08
WO001361,2025-08-19 21:25:26,2025-08-20 08:21:14,C001,Document Retrieval,Operations South,E004,Standard,5,0.84,96.0,No,24,10.05,10.93,Met,2025-08
WO000819,2025-08-19 14:55:53,2025-08-20 11:13:17,C014,Document Retrieval,Operations South,E013,Standard,10,2.61,93.4,No,24,15.65,20.29,Met,2025-08
WO000613,2025-08-17 22:31:07,2025-08-20 17:17:19,C004,Policy Administration,Operations Central,E026,Standard,1,0.34,90.5,Yes,72,20.15,66.77,Met,2025-08
WO001192,2025-08-19 05:39:20,2025-08-21 00:12:56,C011,Policy Administration,Operations South,E019,Standard,2,0.60,98.5,No,72,18.00,42.56,Met,2025-08
WO000242,2025-08-20 07:06:06,2025-08-21 06:31:18,C011,Policy Administration,Operations Central,E014,Rush,4,1.18,97.2,No,36,17.63,23.42,Met,2025-08
WO001479,2025-08-20 14:13:29,2025-08-21 12:35:41,C006,Document Retrieval,Operations North,E032,Standard,1,0.21,93.8,No,24,12.43,22.37,Met,2025-08
WO001389,2025-08-20 19:21:34,2025-08-21 16:12:34,C007,Document Retrieval,Operations Central,E012,Standard,6,1.08,99.4,No,24,10.80,20.85,Met,2025-08
WO000050,2025-08-21 01:02:48,2025-08-21 16:55:36,C007,Certificate Issuance,Operations Central,E015,Standard,4,1.38,90.9,Yes,48,20.66,15.88,Met,2025-08
WO000080,2025-08-20 10:38:37,2025-08-21 19:19:25,C005,Certificate Issuance,Operations North,E006,Standard,2,0.79,95.2,No,48,23.68,32.68,Met,2025-08
WO000523,2025-08-21 12:13:02,2025-08-22 18:56:14,C003,Policy Checking,Operations Central,E029,Standard,4,2.96,99.4,No,72,44.47,30.72,Met,2025-08
WO000457,2025-08-22 05:25:32,2025-08-22 22:17:08,C015,Certificate Issuance,Operations Central,E020,Rush,5,1.57,92.9,No,24,18.88,16.86,Met,2025-08
WO000300,2025-08-22 11:48:06,2025-08-23 05:55:18,C010,Direct Bill Posting,Operations South,E007,Standard,8,0.90,99.5,No,48,6.74,18.12,Met,2025-08
WO000763,2025-08-22 16:36:52,2025-08-23 10:17:40,C005,Document Retrieval,Operations Central,E023,Standard,1,0.24,95.7,No,24,14.43,17.68,Met,2025-08
WO000776,2025-08-22 18:11:15,2025-08-23 18:47:15,C012,Policy Administration,Operations North,E028,Standard,3,1.09,99.8,No,72,21.78,24.60,Met,2025-08
WO000987,2025-08-22 20:53:35,2025-08-23 22:30:47,C010,Policy Checking,Operations North,E009,Standard,4,2.84,97.2,No,72,42.62,25.62,Met,2025-08
WO000691,2025-08-23 09:38:29,2025-08-24 17:52:17,C009,Document Retrieval,Operations South,E004,Standard,6,1.14,99.9,No,24,11.35,32.23,Not Met,2025-08
WO000533,2025-08-23 04:21:15,2025-08-24 22:22:27,C004,Document Retrieval,Operations Central,E017,Standard,5,1.20,92.4,No,24,14.42,42.02,Not Met,2025-08
WO000543,2025-08-24 16:25:28,2025-08-25 08:06:16,C004,Direct Bill Posting,Operations Central,E005,Standard,20,3.03,99.7,No,48,9.08,15.68,Met,2025-08
WO001649,2025-08-23 12:19:59,2025-08-25 19:49:59,C002,Policy Administration,Operations Central,E013,Standard,4,1.81,96.7,No,72,27.14,55.50,Met,2025-08
WO001474,2025-08-24 16:20:29,2025-08-25 20:11:29,C004,Direct Bill Posting,Operations South,E028,Standard,15,2.38,98.3,No,48,9.52,27.85,Met,2025-08
WO001669,2025-08-25 07:15:22,2025-08-26 02:20:10,C015,Document Retrieval,Operations North,E015,Standard,7,1.70,90.4,Yes,24,14.54,19.08,Met,2025-08
WO001547,2025-08-25 21:00:03,2025-08-26 05:09:03,C014,Document Retrieval,Operations South,E021,Standard,10,1.67,90.3,Yes,24,10.01,8.15,Met,2025-08
WO001217,2025-08-24 09:16:12,2025-08-26 09:14:24,C006,Policy Checking,Operations Central,E033,Standard,1,0.77,97.3,No,72,46.10,47.97,Met,2025-08
WO001614,2025-08-25 14:18:37,2025-08-26 12:55:13,C010,Document Retrieval,Operations North,E018,Standard,5,1.04,99.5,No,24,12.51,22.61,Met,2025-08
WO000083,2025-08-25 16:49:59,2025-08-26 14:30:47,C014,Document Retrieval,Operations North,E033,Standard,4,1.00,95.2,No,24,14.93,21.68,Met,2025-08
WO001642,2025-08-25 03:02:17,2025-08-26 14:33:29,C012,Certificate Issuance,Operations South,E002,Standard,3,0.91,98.6,No,48,18.14,35.52,Met,2025-08
WO000440,2025-08-25 10:40:43,2025-08-26 18:55:07,C013,Policy Administration,Operations Central,E003,Standard,5,1.43,94.5,No,72,17.15,32.24,Met,2025-08
WO001749,2025-08-25 10:46:36,2025-08-26 20:34:36,C001,Policy Administration,Operations North,E026,Standard,1,0.46,99.1,Yes,72,27.66,33.80,Met,2025-08
WO000197,2025-08-25 20:50:58,2025-08-27 03:25:46,C014,Policy Checking,Operations North,E014,Standard,2,1.51,97.6,No,72,45.31,30.58,Met,2025-08
WO000838,2025-08-26 03:46:56,2025-08-27 12:46:20,C010,Direct Bill Posting,Operations Central,E031,Standard,15,2.60,97.5,No,48,10.38,32.99,Met,2025-08
WO001240,2025-08-26 11:53:32,2025-08-27 16:46:56,C001,Policy Checking,Operations Central,E027,Standard,3,2.19,94.5,No,72,43.88,28.89,Met,2025-08
WO000574,2025-08-22 14:34:55,2025-08-27 16:52:55,C004,Policy Checking,Operations South,E016,Standard,2,1.25,90.7,Yes,72,37.63,122.30,Not Met,2025-08
WO000516,2025-08-25 11:47:56,2025-08-28 06:26:56,C004,Direct Bill Posting,Operations Central,E030,Standard,6,0.87,92.7,No,48,8.71,66.65,Not Met,2025-08
WO000680,2025-08-27 10:56:26,2025-08-28 07:56:26,C008,Document Retrieval,Operations South,E019,Standard,2,0.32,94.5,No,24,9.71,21.00,Met,2025-08
WO001780,2025-08-23 06:36:58,2025-08-28 11:47:10,C010,Policy Administration,Operations Central,E020,Standard,4,1.16,91.6,No,72,17.39,125.17,Not Met,2025-08
WO000707,2025-08-26 04:17:07,2025-08-29 09:44:07,C012,Certificate Issuance,Operations Central,E021,Standard,1,0.33,93.1,No,48,19.58,77.45,Not Met,2025-08
WO001294,2025-08-27 01:06:47,2025-08-29 20:26:35,C013,Policy Administration,Operations South,E012,Standard,5,1.86,96.3,No,72,22.34,67.33,Met,2025-08
WO001648,2025-08-29 03:15:57,2025-08-29 21:53:45,C001,Certificate Issuance,Operations Central,E026,Rush,3,1.14,99.0,No,24,22.74,18.63,Met,2025-08
WO000095,2025-08-29 16:03:55,2025-08-29 23:48:55,C014,Document Retrieval,Operations Central,E014,Rush,9,1.65,94.3,Yes,12,11.01,7.75,Met,2025-08
WO000464,2025-08-30 09:53:33,2025-08-30 23:50:33,C013,Document Retrieval,Operations South,E005,Standard,9,1.84,93.0,No,24,12.30,13.95,Met,2025-08
WO000768,2025-08-29 23:55:00,2025-08-31 15:33:24,C012,Direct Bill Posting,Operations South,E024,Standard,9,1.30,96.7,No,48,8.65,39.64,Met,2025-08
WO000659,2025-08-31 02:18:58,2025-08-31 18:36:58,C002,Direct Bill Posting,Operations South,E036,Rush,18,2.49,98.2,No,24,8.31,16.30,Met,2025-08
WO001450,2025-08-30 22:24:34,2025-09-01 12:00:34,C011,Direct Bill Posting,Operations Central,E026,Standard,12,1.86,92.7,No,48,9.29,37.60,Met,2025-09
WO000500,2025-09-01 03:07:43,2025-09-01 14:04:43,C015,Document Retrieval,Operations Central,E008,Rush,8,1.55,91.7,No,12,11.59,10.95,Met,2025-09
WO001565,2025-08-31 18:01:08,2025-09-01 21:13:44,C006,Certificate Issuance,Operations South,E017,Standard,2,0.73,99.6,No,48,21.96,27.21,Met,2025-09
WO001120,2025-09-02 00:38:33,2025-09-02 08:15:09,C005,Document Retrieval,Operations Central,E032,Standard,6,1.32,98.7,No,24,13.19,7.61,Met,2025-09
WO001529,2025-08-31 12:42:49,2025-09-02 13:20:01,C006,Policy Administration,Operations Central,E001,Standard,2,0.57,97.5,No,72,16.98,48.62,Met,2025-09
WO001556,2025-08-31 11:08:50,2025-09-02 15:26:50,C006,Policy Administration,Operations South,E035,Standard,3,1.05,99.1,No,72,21.05,52.30,Met,2025-09
WO000558,2025-08-31 02:06:18,2025-09-02 20:15:54,C004,Certificate Issuance,Operations South,E017,Standard,2,0.54,91.9,No,48,16.20,66.16,Not Met,2025-09
WO000135,2025-09-02 11:50:22,2025-09-03 02:10:46,C007,Document Retrieval,Operations South,E018,Standard,1,0.22,93.0,No,24,13.04,14.34,Met,2025-09
WO001449,2025-09-02 09:53:21,2025-09-03 02:22:45,C003,Direct Bill Posting,Operations South,E028,Standard,14,1.86,96.7,No,48,7.99,16.49,Met,2025-09
WO000940,2025-08-29 11:12:28,2025-09-03 15:41:52,C014,Policy Administration,Operations Central,E003,Standard,5,1.71,94.5,No,72,20.52,124.49,Not Met,2025-09
WO000008,2025-09-02 23:10:40,2025-09-03 20:33:28,C011,Document Retrieval,Operations South,E004,Standard,2,0.34,90.1,Yes,24,10.09,21.38,Met,2025-09
WO000117,2025-09-01 09:14:15,2025-09-03 22:13:39,C005,Policy Administration,Operations South,E023,Standard,1,0.45,92.8,No,72,27.16,60.99,Met,2025-09
WO000736,2025-09-01 14:27:07,2025-09-04 04:15:43,C011,Certificate Issuance,Operations South,E019,Standard,6,1.82,98.7,No,48,18.23,61.81,Not Met,2025-09
WO001773,2025-09-03 15:36:43,2025-09-04 10:10:19,C011,Policy Administration,Operations North,E002,Rush,3,1.01,91.5,No,36,20.21,18.56,Met,2025-09
WO000159,2025-09-02 07:03:44,2025-09-04 16:50:32,C012,Direct Bill Posting,Operations Central,E004,Standard,7,1.01,99.9,No,48,8.64,57.78,Not Met,2025-09
WO001779,2025-09-03 15:34:55,2025-09-04 17:57:43,C002,Policy Checking,Operations North,E020,Rush,4,2.68,98.3,No,36,40.25,26.38,Met,2025-09
WO000292,2025-09-03 13:05:10,2025-09-04 19:41:46,C002,Direct Bill Posting,Operations North,E011,Standard,8,1.03,97.9,No,48,7.70,30.61,Met,2025-09
WO001535,2025-09-01 08:28:50,2025-09-05 00:01:50,C014,Policy Checking,Operations Central,E007,Standard,2,1.28,92.9,No,72,38.54,87.55,Not Met,2025-09
WO000402,2025-09-04 18:11:24,2025-09-05 05:06:00,C007,Document Retrieval,Operations Central,E026,Standard,4,0.98,91.1,No,24,14.64,10.91,Met,2025-09
WO000831,2025-09-03 19:37:16,2025-09-05 06:14:28,C008,Direct Bill Posting,Operations North,E018,Standard,19,3.30,98.9,No,48,10.41,34.62,Met,2025-09
WO000137,2025-09-03 15:16:46,2025-09-05 19:31:10,C005,Certificate Issuance,Operations South,E029,Standard,2,0.60,99.3,No,48,18.06,52.24,Not Met,2025-09
WO001624,2025-09-04 05:25:41,2025-09-06 02:04:41,C001,Certificate Issuance,Operations South,E024,Standard,2,0.70,94.2,No,48,20.88,44.65,Met,2025-09
WO000278,2025-09-03 14:02:22,2025-09-06 02:55:10,C012,Policy Checking,Operations South,E028,Standard,3,1.46,93.9,Yes,72,29.20,60.88,Met,2025-09
WO000330,2025-09-05 06:27:39,2025-09-06 17:58:51,C008,Certificate Issuance,Operations Central,E008,Standard,2,0.68,97.8,No,48,20.53,35.52,Met,2025-09
WO001436,2025-09-06 05:14:42,2025-09-06 20:10:30,C003,Document Retrieval,Operations South,E002,Standard,7,1.17,96.8,No,24,9.99,14.93,Met,2025-09
WO001109,2025-09-06 03:03:32,2025-09-07 04:16:44,C010,Direct Bill Posting,Operations North,E005,Standard,20,3.01,97.3,No,48,9.02,25.22,Met,2025-09
WO000240,2025-09-06 05:37:52,2025-09-07 11:55:16,C005,Document Retrieval,Operations North,E015,Standard,1,0.25,93.5,No,24,14.81,30.29,Not Met,2025-09
WO001668,2025-09-04 05:30:38,2025-09-07 22:16:50,C003,Policy Checking,Operations Central,E002,Standard,4,2.21,99.3,No,72,33.13,88.77,Not Met,2025-09
WO001097,2025-09-07 02:04:54,2025-09-08 04:02:30,C002,Direct Bill Posting,Operations South,E006,Standard,13,1.89,91.0,No,48,8.73,25.96,Met,2025-09
WO001230,2025-09-07 13:13:42,2025-09-08 10:44:18,C008,Certificate Issuance,Operations North,E031,Standard,2,0.76,92.0,No,48,22.84,21.51,Met,2025-09
WO000532,2025-09-05 19:52:48,2025-09-08 18:09:00,C015,Direct Bill Posting,Operations North,E026,Standard,20,3.40,91.0,Yes,48,10.20,70.27,Not Met,2025-09
WO001033,2025-09-08 02:08:03,2025-09-09 08:01:27,C015,Direct Bill Posting,Operations South,E004,Standard,17,2.92,99.8,Yes,48,10.32,29.89,Met,2025-09
WO000651,2025-09-08 00:15:19,2025-09-09 21:14:07,C007,Policy Administration,Operations North,E035,Standard,1,0.35,95.8,No,72,21.28,44.98,Met,2025-09
WO000430,2025-09-09 06:28:12,2025-09-10 00:58:48,C007,Direct Bill Posting,Operations Central,E032,Rush,8,1.12,97.1,No,24,8.42,18.51,Met,2025-09
WO001634,2025-09-08 23:43:02,2025-09-10 05:59:14,C006,Certificate Issuance,Operations Central,E005,Standard,4,0.89,94.2,No,48,13.31,30.27,Met,2025-09
WO000813,2025-09-09 04:33:55,2025-09-10 15:33:19,C010,Certificate Issuance,Operations North,E018,Standard,5,1.49,90.2,Yes,48,17.93,34.99,Met,2025-09
WO000271,2025-09-06 14:36:45,2025-09-10 21:42:09,C005,Policy Checking,Operations South,E032,Standard,2,1.03,97.7,No,72,30.94,103.09,Not Met,2025-09
WO000695,2025-09-09 08:24:11,2025-09-10 22:13:23,C002,Direct Bill Posting,Operations Central,E019,Standard,20,3.29,95.0,No,48,9.86,37.82,Met,2025-09
WO000780,2025-09-09 16:35:57,2025-09-11 05:05:57,C002,Certificate Issuance,Operations North,E029,Standard,1,0.39,94.6,No,48,23.48,36.50,Met,2025-09
WO000059,2025-09-12 04:30:30,2025-09-12 13:44:18,C012,Document Retrieval,Operations Central,E019,Standard,5,1.13,99.6,No,24,13.55,9.23,Met,2025-09
WO001332,2025-09-12 16:34:22,2025-09-13 07:07:58,C009,Document Retrieval,Operations North,E007,Standard,7,1.25,93.7,No,24,10.74,14.56,Met,2025-09
WO000591,2025-09-12 08:17:02,2025-09-13 07:22:26,C003,Direct Bill Posting,Operations South,E022,Standard,7,1.07,95.7,No,48,9.19,23.09,Met,2025-09
WO001164,2025-09-12 13:06:21,2025-09-13 20:18:57,C004,Policy Checking,Operations North,E004,Standard,2,0.88,99.1,No,72,26.53,31.21,Met,2025-09
WO001736,2025-09-13 06:43:53,2025-09-14 09:41:29,C004,Policy Checking,Operations South,E011,Standard,1,0.76,98.4,No,72,45.74,26.96,Met,2025-09
WO000314,2025-09-12 20:57:23,2025-09-14 10:14:11,C015,Direct Bill Posting,Operations South,E033,Standard,15,2.49,92.1,No,48,9.96,37.28,Met,2025-09
WO000578,2025-09-12 21:26:04,2025-09-14 19:17:40,C004,Policy Administration,Operations South,E006,Standard,5,1.50,90.8,Yes,72,18.01,45.86,Met,2025-09
WO001262,2025-09-13 03:59:21,2025-09-14 20:38:21,C004,Policy Checking,Operations North,E014,Standard,3,1.88,98.7,No,72,37.60,40.65,Met,2025-09
WO000789,2025-09-14 17:39:27,2025-09-15 09:05:15,C007,Document Retrieval,Operations North,E035,Standard,8,1.47,100.0,No,24,11.00,15.43,Met,2025-09
WO000114,2025-09-14 06:26:37,2025-09-16 00:33:49,C002,Policy Administration,Operations South,E004,Standard,2,0.58,97.0,No,72,17.50,42.12,Met,2025-09
WO001787,2025-09-14 22:40:47,2025-09-16 06:29:59,C005,Certificate Issuance,Operations South,E008,Standard,4,1.37,97.0,No,48,20.62,31.82,Met,2025-09
WO000981,2025-09-16 04:17:16,2025-09-17 00:04:04,C006,Policy Checking,Operations Central,E018,Rush,1,0.55,98.3,No,36,32.71,19.78,Met,2025-09
WO000294,2025-09-15 03:20:37,2025-09-17 14:42:49,C015,Policy Checking,Operations South,E010,Standard,1,0.50,99.0,No,72,29.87,59.37,Met,2025-09
WO001416,2025-09-15 06:17:20,2025-09-17 16:36:32,C004,Certificate Issuance,Operations Central,E027,Standard,6,2.39,93.7,No,48,23.85,58.32,Not Met,2025-09
WO000604,2025-09-17 11:17:47,2025-09-17 19:15:59,C006,Direct Bill Posting,Operations South,E016,Rush,12,1.78,91.5,No,24,8.92,7.97,Met,2025-09
WO001140,2025-09-17 11:11:10,2025-09-19 11:09:58,C011,Policy Administration,Operations Central,E036,Standard,2,0.92,94.8,No,72,27.61,47.98,Met,2025-09
WO000378,2025-09-18 17:35:34,2025-09-19 18:15:46,C007,Certificate Issuance,Operations Central,E011,Standard,3,0.65,91.6,No,48,13.06,24.67,Met,2025-09
WO000675,2025-09-19 05:59:21,2025-09-19 19:37:09,C014,Document Retrieval,Operations South,E008,Standard,9,1.40,98.3,No,24,9.35,13.63,Met,2025-09
WO001412,2025-09-17 06:40:10,2025-09-19 22:58:10,C014,Policy Checking,Operations North,E019,Standard,3,1.37,95.0,No,72,27.39,64.30,Met,2025-09
WO001503,2025-09-16 11:31:16,2025-09-20 13:25:16,C014,Policy Checking,Operations North,E006,Standard,4,1.99,98.3,No,72,29.91,97.90,Not Met,2025-09
WO001321,2025-09-20 03:29:08,2025-09-20 14:42:20,C013,Document Retrieval,Operations North,E023,Rush,3,0.71,93.8,No,12,14.18,11.22,Met,2025-09
WO000195,2025-09-19 15:40:06,2025-09-21 01:15:30,C006,Direct Bill Posting,Operations South,E005,Standard,6,0.82,91.9,No,48,8.16,33.59,Met,2025-09
WO000524,2025-09-20 11:05:24,2025-09-21 06:22:48,C002,Certificate Issuance,Operations Central,E028,Standard,5,1.99,93.6,No,48,23.86,19.29,Met,2025-09
WO000310,2025-09-20 23:25:57,2025-09-21 21:54:45,C015,Certificate Issuance,Operations Central,E001,Standard,6,2.40,96.0,No,48,23.96,22.48,Met,2025-09
WO000753,2025-09-21 08:55:01,2025-09-22 10:52:01,C001,Policy Checking,Operations North,E033,Rush,3,2.39,99.1,No,36,47.75,25.95,Met,2025-09
WO000996,2025-09-20 14:07:17,2025-09-22 17:10:53,C002,Policy Checking,Operations South,E015,Standard,1,0.75,91.1,No,72,45.28,51.06,Met,2025-09
WO000939,2025-09-21 14:49:19,2025-09-23 00:34:55,C012,Certificate Issuance,Operations South,E006,Standard,2,0.79,95.8,No,48,23.58,33.76,Met,2025-09
WO001019,2025-09-22 00:48:33,2025-09-23 02:36:33,C004,Certificate Issuance,Operations South,E003,Standard,5,1.95,91.0,No,48,23.34,25.80,Met,2025-09
WO001306,2025-09-22 13:58:40,2025-09-23 10:40:40,C001,Certificate Issuance,Operations North,E020,Standard,6,1.98,94.2,No,48,19.75,20.70,Met,2025-09
WO000603,2025-09-22 18:04:14,2025-09-23 12:36:38,C011,Certificate Issuance,Operations North,E017,Rush,6,2.51,92.6,No,24,25.10,18.54,Met,2025-09
WO000176,2025-09-23 07:57:20,2025-09-23 18:50:44,C014,Document Retrieval,Operations North,E008,Rush,10,1.90,99.4,No,12,11.42,10.89,Met,2025-09
WO000101,2025-09-20 12:16:27,2025-09-23 20:00:51,C011,Certificate Issuance,Operations South,E002,Standard,6,1.46,99.5,No,48,14.64,79.74,Not Met,2025-09
WO000112,2025-09-21 16:12:21,2025-09-24 07:00:21,C007,Policy Administration,Operations North,E024,Standard,5,2.35,95.5,No,72,28.17,62.80,Met,2025-09
WO000567,2025-09-23 08:19:20,2025-09-24 11:02:32,C005,Policy Checking,Operations South,E021,Rush,1,0.44,95.6,No,36,26.64,26.72,Met,2025-09
WO000171,2025-09-23 21:39:24,2025-09-24 12:57:24,C011,Certificate Issuance,Operations North,E033,Standard,6,2.36,91.8,No,48,23.62,15.30,Met,2025-09
WO001635,2025-09-24 02:45:17,2025-09-24 15:18:53,C014,Certificate Issuance,Operations Central,E023,Rush,4,1.33,91.7,No,24,19.98,12.56,Met,2025-09
WO000757,2025-09-22 23:09:53,2025-09-24 18:19:29,C003,Policy Administration,Operations South,E006,Rush,4,1.78,95.1,No,36,26.76,43.16,Not Met,2025-09
WO000745,2025-09-22 03:16:26,2025-09-24 18:53:38,C009,Policy Administration,Operations South,E004,Standard,4,1.18,92.0,No,72,17.69,63.62,Met,2025-09
WO001508,2025-09-24 03:25:25,2025-09-25 01:29:37,C002,Document Retrieval,Operations South,E017,Standard,9,1.62,96.9,No,24,10.79,22.07,Met,2025-09
WO000969,2025-09-22 21:23:40,2025-09-25 09:18:52,C015,Policy Administration,Operations Central,E032,Standard,5,1.65,92.3,No,72,19.85,59.92,Met,2025-09
WO001559,2025-09-22 22:40:12,2025-09-25 10:45:00,C007,Policy Administration,Operations Central,E005,Standard,3,1.29,97.4,No,72,25.79,60.08,Met,2025-09
WO000624,2025-09-22 17:52:09,2025-09-25 16:31:09,C005,Certificate Issuance,Operations Central,E032,Standard,4,1.33,93.1,No,48,19.89,70.65,Not Met,2025-09
WO000394,2025-09-24 09:16:13,2025-09-25 18:18:37,C007,Policy Checking,Operations South,E014,Standard,1,0.59,92.2,No,72,35.67,33.04,Met,2025-09
WO000380,2025-09-23 18:43:36,2025-09-25 18:22:00,C004,Policy Administration,Operations Central,E020,Standard,3,1.16,96.8,No,72,23.11,47.64,Met,2025-09
WO001403,2025-09-23 15:11:03,2025-09-25 23:02:03,C013,Policy Administration,Operations North,E026,Rush,5,1.63,99.1,No,36,19.50,55.85,Not Met,2025-09
WO001396,2025-09-24 08:19:04,2025-09-26 01:06:28,C009,Policy Checking,Operations South,E017,Standard,3,1.80,92.2,No,72,35.99,40.79,Met,2025-09
WO000743,2025-09-25 00:51:21,2025-09-26 02:28:33,C012,Document Retrieval,Operations North,E017,Standard,7,1.42,98.2,No,24,12.15,25.62,Not Met,2025-09
WO001721,2025-09-24 20:48:05,2025-09-26 07:16:53,C006,Certificate Issuance,Operations North,E001,Standard,3,0.93,94.3,No,48,18.58,34.48,Met,2025-09
WO001682,2025-09-23 09:24:24,2025-09-26 19:58:00,C010,Policy Administration,Operations South,E021,Standard,2,0.92,97.7,Yes,72,27.63,82.56,Not Met,2025-09
WO000599,2025-09-26 00:03:18,2025-09-27 04:09:18,C003,Policy Checking,Operations Central,E007,Standard,4,2.40,97.8,No,72,36.02,28.10,Met,2025-09
WO000051,2025-09-24 10:10:25,2025-09-27 05:16:25,C005,Policy Checking,Operations Central,E025,Standard,4,2.90,91.5,No,72,43.47,67.10,Met,2025-09
WO000699,2025-09-26 14:00:17,2025-09-27 08:57:53,C009,Document Retrieval,Operations South,E012,Rush,5,1.24,98.2,No,12,14.89,18.96,Not Met,2025-09
WO001726,2025-09-27 06:05:18,2025-09-27 10:20:54,C011,Document Retrieval,Operations Central,E006,Rush,3,0.46,99.7,No,12,9.24,4.26,Met,2025-09
WO000438,2025-09-24 13:18:01,2025-09-27 14:50:25,C011,Certificate Issuance,Operations North,E029,Standard,3,1.12,92.4,No,48,22.36,73.54,Not Met,2025-09
WO000385,2025-09-26 19:54:19,2025-09-27 18:36:19,C003,Policy Administration,Operations South,E031,Standard,1,0.41,91.1,No,72,24.62,22.70,Met,2025-09
WO001637,2025-09-27 10:07:22,2025-09-28 07:21:46,C007,Certificate Issuance,Operations North,E033,Standard,1,0.22,96.8,No,48,13.15,21.24,Met,2025-09
WO001069,2025-09-25 03:16:03,2025-09-28 18:04:39,C005,Direct Bill Posting,Operations North,E006,Standard,10,1.36,94.4,No,48,8.17,86.81,Not Met,2025-09
WO000682,2025-09-28 13:08:50,2025-09-28 21:08:50,C002,Document Retrieval,Operations North,E018,Standard,3,0.76,96.1,No,24,15.18,8.00,Met,2025-09
WO000338,2025-09-26 22:00:49,2025-09-29 14:39:13,C007,Direct Bill Posting,Operations North,E006,Standard,10,1.02,99.1,No,48,6.12,64.64,Not Met,2025-09
WO001270,2025-09-29 07:00:57,2025-09-30 01:17:45,C012,Certificate Issuance,Operations North,E028,Standard,1,0.39,90.4,Yes,48,23.14,18.28,Met,2025-09
WO000825,2025-09-26 23:03:22,2025-09-30 05:21:22,C014,Certificate Issuance,Operations South,E001,Standard,6,1.54,99.2,No,48,15.38,78.30,Not Met,2025-09
WO000592,2025-09-26 00:19:06,2025-09-30 12:00:30,C010,Policy Checking,Operations Central,E028,Standard,1,0.52,99.4,No,72,31.38,107.69,Not Met,2025-09
WO000343,2025-09-29 02:21:15,2025-09-30 12:24:15,C006,Policy Administration,Operations South,E009,Rush,4,1.28,93.7,No,36,19.25,34.05,Met,2025-09
WO001091,2025-09-29 12:12:17,2025-10-01 05:53:41,C008,Policy Checking,Operations South,E010,Standard,3,1.97,100.0,No,72,39.44,41.69,Met,2025-10
WO000127,2025-09-29 13:08:10,2025-10-01 07:17:46,C013,Policy Administration,Operations Central,E026,Standard,1,0.38,97.4,No,72,23.04,42.16,Met,2025-10
WO000021,2025-09-30 19:08:26,2025-10-01 14:43:50,C007,Document Retrieval,Operations Central,E007,Standard,5,1.10,95.0,No,24,13.24,19.59,Met,2025-10
WO001458,2025-09-28 23:59:56,2025-10-01 16:19:08,C012,Policy Checking,Operations Central,E010,Standard,1,0.58,99.9,No,72,34.94,64.32,Met,2025-10
WO001257,2025-09-29 19:45:40,2025-10-01 16:52:16,C003,Certificate Issuance,Operations South,E019,Standard,4,1.59,91.8,No,48,23.85,45.11,Met,2025-10
WO001203,2025-09-30 14:42:33,2025-10-01 18:42:33,C004,Direct Bill Posting,Operations South,E029,Standard,17,1.81,91.8,No,48,6.38,28.00,Met,2025-10
WO000900,2025-09-29 21:24:55,2025-10-02 01:21:19,C010,Policy Checking,Operations South,E004,Standard,3,1.90,95.1,No,72,38.07,51.94,Met,2025-10
WO001603,2025-09-30 23:16:04,2025-10-02 04:31:04,C004,Policy Checking,Operations South,E029,Rush,1,0.59,93.8,No,36,35.21,29.25,Met,2025-10
WO000674,2025-09-30 12:47:15,2025-10-02 16:02:15,C010,Policy Administration,Operations Central,E006,Standard,5,2.26,93.1,No,72,27.08,51.25,Met,2025-10
WO000892,2025-10-01 01:04:04,2025-10-02 23:17:52,C003,Policy Administration,Operations North,E036,Standard,3,1.17,90.2,Yes,72,23.44,46.23,Met,2025-10
WO001015,2025-10-01 04:56:10,2025-10-03 19:27:58,C013,Policy Administration,Operations North,E006,Standard,1,0.40,97.7,No,72,23.74,62.53,Met,2025-10
WO001764,2025-10-02 13:10:55,2025-10-03 22:58:55,C014,Direct Bill Posting,Operations North,E018,Standard,12,1.48,91.6,No,48,7.41,33.80,Met,2025-10
WO000147,2025-10-03 10:03:12,2025-10-05 00:02:36,C013,Direct Bill Posting,Operations Central,E001,Standard,14,1.76,95.8,No,48,7.56,37.99,Met,2025-10
WO000436,2025-10-04 11:26:48,2025-10-05 06:01:00,C005,Document Retrieval,Operations Central,E008,Standard,4,0.93,93.2,No,24,13.94,18.57,Met,2025-10
WO000149,2025-10-03 16:03:26,2025-10-05 10:23:50,C002,Policy Checking,Operations North,E032,Standard,3,1.90,96.7,Yes,72,38.02,42.34,Met,2025-10
WO000614,2025-10-05 00:48:18,2025-10-06 10:42:54,C013,Certificate Issuance,Operations Central,E022,Rush,3,1.14,96.9,No,24,22.90,33.91,Not Met,2025-10
WO000973,2025-10-05 12:45:38,2025-10-06 12:24:38,C008,Direct Bill Posting,Operations Central,E005,Standard,16,1.70,96.7,No,48,6.37,23.65,Met,2025-10
WO001475,2025-10-05 21:25:47,2025-10-06 16:32:23,C007,Direct Bill Posting,Operations Central,E033,Rush,18,2.68,91.9,No,24,8.92,19.11,Met,2025-10
WO001290,2025-10-06 14:51:09,2025-10-07 05:36:09,C011,Document Retrieval,Operations North,E015,Standard,7,1.47,92.7,No,24,12.59,14.75,Met,2025-10
WO001052,2025-10-05 10:33:59,2025-10-07 16:08:47,C004,Policy Checking,Operations North,E036,Standard,1,0.46,92.4,No,72,27.33,53.58,Met,2025-10
WO000734,2025-10-07 11:51:03,2025-10-08 15:30:39,C014,Document Retrieval,Operations Central,E012,Standard,4,1.03,92.6,No,24,15.44,27.66,Not Met,2025-10
WO000887,2025-10-08 01:18:39,2025-10-08 16:52:15,C014,Certificate Issuance,Operations North,E033,Standard,6,2.08,92.0,No,48,20.80,15.56,Met,2025-10
WO001743,2025-10-06 02:24:28,2025-10-08 16:58:04,C003,Policy Checking,Operations Central,E027,Standard,2,1.46,91.5,No,72,43.67,62.56,Met,2025-10
WO000238,2025-10-08 10:36:35,2025-10-08 18:34:11,C005,Document Retrieval,Operations Central,E019,Standard,4,1.03,98.3,No,24,15.50,7.96,Met,2025-10
WO000560,2025-10-08 06:05:02,2025-10-08 23:44:02,C007,Document Retrieval,Operations South,E021,Standard,8,1.74,91.3,No,24,13.06,17.65,Met,2025-10
WO001108,2025-10-09 04:26:20,2025-10-09 13:02:56,C009,Direct Bill Posting,Operations North,E012,Rush,9,1.60,99.0,No,24,10.70,8.61,Met,2025-10
WO000188,2025-10-08 21:38:12,2025-10-09 22:46:36,C001,Policy Administration,Operations North,E035,Standard,4,1.45,92.4,No,72,21.82,25.14,Met,2025-10
WO000024,2025-10-08 18:44:26,2025-10-10 01:53:26,C012,Policy Checking,Operations South,E002,Standard,1,0.46,95.0,No,72,27.75,31.15,Met,2025-10
WO000412,2025-10-09 10:14:52,2025-10-10 14:55:04,C001,Policy Checking,Operations North,E016,Standard,2,1.22,92.9,No,72,36.74,28.67,Met,2025-10
WO001268,2025-10-08 21:13:57,2025-10-11 03:31:21,C011,Policy Administration,Operations South,E031,Standard,5,2.40,94.5,No,72,28.81,54.29,Met,2025-10
WO001408,2025-10-09 15:34:08,2025-10-11 04:32:20,C009,Certificate Issuance,Operations South,E025,Standard,2,0.73,94.5,No,48,22.03,36.97,Met,2025-10
WO001057,2025-10-09 10:34:08,2025-10-11 05:42:32,C011,Policy Administration,Operations Central,E030,Standard,4,1.73,92.7,No,72,25.89,43.14,Met,2025-10
WO000126,2025-10-11 02:23:03,2025-10-11 13:11:03,C012,Document Retrieval,Operations North,E015,Standard,4,0.68,96.4,No,24,10.15,10.80,Met,2025-10
WO001078,2025-10-09 23:15:20,2025-10-11 13:29:08,C004,Document Retrieval,Operations North,E008,Standard,3,0.60,99.7,No,24,12.07,38.23,Not Met,2025-10
WO000717,2025-10-11 07:48:16,2025-10-12 13:33:52,C015,Certificate Issuance,Operations South,E030,Standard,3,0.74,98.6,No,48,14.90,29.76,Met,2025-10
WO001784,2025-10-10 19:18:49,2025-10-12 19:53:01,C007,Policy Checking,Operations North,E021,Standard,4,1.83,91.4,No,72,27.51,48.57,Met,2025-10
WO000990,2025-10-12 17:46:41,2025-10-13 06:23:53,C002,Direct Bill Posting,Operations Central,E034,Rush,17,2.98,93.6,No,24,10.50,12.62,Met,2025-10
WO001313,2025-10-11 09:56:12,2025-10-13 11:14:12,C001,Policy Checking,Operations South,E022,Standard,4,2.42,94.1,No,72,36.31,49.30,Met,2025-10
WO000814,2025-10-12 13:03:04,2025-10-13 15:37:52,C003,Policy Administration,Operations South,E006,Standard,3,1.21,96.8,No,72,24.15,26.58,Met,2025-10
WO000712,2025-10-13 02:26:31,2025-10-14 03:37:19,C015,Direct Bill Posting,Operations Central,E013,Standard,17,1.97,98.8,No,48,6.97,25.18,Met,2025-10
WO000017,2025-10-11 19:16:04,2025-10-14 09:05:52,C014,Policy Administration,Operations North,E019,Standard,1,0.29,95.7,No,72,17.24,61.83,Met,2025-10
WO001497,2025-10-14 00:26:42,2025-10-14 09:26:42,C002,Document Retrieval,Operations Central,E003,Standard,5,0.99,97.3,No,24,11.91,9.00,Met,2025-10
WO001141,2025-10-13 15:59:21,2025-10-14 15:20:57,C014,Certificate Issuance,Operations Central,E004,Standard,6,2.32,96.9,No,48,23.20,23.36,Met,2025-10
WO001608,2025-10-13 19:46:38,2025-10-15 03:31:38,C010,Policy Administration,Operations Central,E036,Standard,3,0.88,91.3,No,72,17.50,31.75,Met,2025-10
WO001132,2025-10-14 19:29:06,2025-10-15 05:41:42,C004,Document Retrieval,Operations Central,E020,Standard,4,0.74,92.7,No,24,11.06,10.21,Met,2025-10
WO001684,2025-10-15 12:11:47,2025-10-15 22:48:59,C003,Document Retrieval,Operations Central,E034,Standard,4,1.02,93.5,No,24,15.27,10.62,Met,2025-10
WO001711,2025-10-15 09:16:56,2025-10-16 16:20:32,C010,Policy Checking,Operations South,E030,Standard,2,1.53,94.5,No,72,45.85,31.06,Met,2025-10
WO001320,2025-10-15 01:21:47,2025-10-16 17:13:59,C011,Certificate Issuance,Operations South,E005,Standard,3,0.67,90.6,Yes,48,13.47,39.87,Met,2025-10
WO000619,2025-10-15 00:46:58,2025-10-16 19:27:10,C003,Certificate Issuance,Operations Central,E021,Standard,3,1.18,93.2,No,48,23.59,42.67,Met,2025-10
WO000205,2025-10-13 21:20:02,2025-10-16 19:50:02,C002,Direct Bill Posting,Operations South,E034,Standard,12,1.56,99.5,No,48,7.78,70.50,Not Met,2025-10
WO000243,2025-10-15 07:22:52,2025-10-17 02:16:16,C012,Certificate Issuance,Operations Central,E033,Standard,4,1.05,95.5,No,48,15.76,42.89,Met,2025-10
WO001359,2025-10-16 07:32:03,2025-10-17 03:45:51,C007,Direct Bill Posting,Operations North,E008,Standard,8,1.40,90.7,Yes,48,10.51,20.23,Met,2025-10
WO000642,2025-10-15 18:58:13,2025-10-17 04:32:25,C004,Policy Checking,Operations North,E014,Standard,4,2.03,95.6,No,72,30.48,33.57,Met,2025-10
WO001728,2025-10-17 00:48:24,2025-10-17 23:36:24,C012,Policy Administration,Operations North,E035,Rush,1,0.40,91.6,No,36,24.13,22.80,Met,2025-10
WO000342,2025-10-17 01:19:38,2025-10-18 04:37:38,C006,Direct Bill Posting,Operations Central,E025,Standard,13,2.11,98.8,No,48,9.75,27.30,Met,2025-10
WO000287,2025-10-13 15:50:38,2025-10-18 14:16:26,C007,Policy Administration,Operations North,E010,Standard,1,0.41,96.8,No,72,24.78,118.43,Not Met,2025-10
WO000476,2025-10-17 18:33:19,2025-10-18 21:53:07,C003,Certificate Issuance,Operations Central,E017,Standard,3,0.96,99.2,No,48,19.28,27.33,Met,2025-10
WO001166,2025-10-18 02:43:22,2025-10-19 02:55:58,C010,Direct Bill Posting,Operations North,E011,Standard,8,1.10,91.2,No,48,8.28,24.21,Met,2025-10
WO000854,2025-10-19 04:07:48,2025-10-19 20:48:36,C015,Direct Bill Posting,Operations North,E017,Standard,15,2.11,99.3,No,48,8.43,16.68,Met,2025-10
WO001750,2025-10-17 21:24:16,2025-10-19 21:10:28,C003,Policy Checking,Operations North,E012,Standard,2,0.99,97.8,No,72,29.70,47.77,Met,2025-10
WO001204,2025-10-19 10:38:16,2025-10-20 01:10:40,C010,Policy Checking,Operations North,E014,Rush,2,1.17,98.5,No,36,35.21,14.54,Met,2025-10
WO001095,2025-10-16 08:42:22,2025-10-20 08:00:22,C002,Policy Administration,Operations South,E022,Standard,2,0.86,98.2,No,72,25.86,95.30,Not Met,2025-10
WO001234,2025-10-18 17:06:27,2025-10-20 08:44:51,C006,Policy Checking,Operations Central,E023,Standard,4,2.58,95.7,No,72,38.69,39.64,Met,2025-10
WO000029,2025-10-19 14:34:50,2025-10-20 10:04:50,C002,Direct Bill Posting,Operations South,E004,Standard,8,1.31,93.2,No,48,9.83,19.50,Met,2025-10
WO000764,2025-10-19 04:52:57,2025-10-20 10:41:33,C009,Certificate Issuance,Operations South,E035,Rush,5,2.01,92.3,No,24,24.11,29.81,Not Met,2025-10
WO000119,2025-10-18 08:10:57,2025-10-20 15:48:09,C004,Policy Checking,Operations Central,E036,Standard,4,2.09,90.7,Yes,72,31.35,55.62,Met,2025-10
WO001271,2025-10-18 12:26:38,2025-10-20 16:50:38,C012,Policy Checking,Operations South,E021,Standard,3,1.68,96.8,Yes,72,33.59,52.40,Met,2025-10
WO001660,2025-10-16 11:42:29,2025-10-20 22:40:41,C010,Policy Checking,Operations North,E027,Standard,2,1.45,98.5,No,72,43.57,106.97,Not Met,2025-10
WO000731,2025-10-20 19:22:42,2025-10-21 10:00:30,C005,Direct Bill Posting,Operations South,E014,Standard,11,1.83,93.2,No,48,10.00,14.63,Met,2025-10
WO000729,2025-10-20 20:58:22,2025-10-21 14:37:22,C008,Direct Bill Posting,Operations Central,E009,Standard,19,3.21,96.3,No,48,10.13,17.65,Met,2025-10
WO000366,2025-10-20 09:36:17,2025-10-21 21:48:53,C007,Certificate Issuance,Operations South,E022,Standard,6,1.71,99.2,No,48,17.13,36.21,Met,2025-10
WO000469,2025-10-19 08:39:51,2025-10-21 23:48:51,C003,Policy Administration,Operations North,E014,Standard,2,0.83,94.2,No,72,24.86,63.15,Met,2025-10
WO001365,2025-10-18 17:55:29,2025-10-22 03:30:53,C004,Direct Bill Posting,Operations North,E031,Standard,15,1.51,98.9,Yes,48,6.03,81.59,Not Met,2025-10
WO001107,2025-10-21 03:14:09,2025-10-23 04:38:09,C001,Policy Administration,Operations North,E013,Standard,2,0.71,98.2,No,72,21.38,49.40,Met,2025-10
WO000267,2025-10-21 18:02:28,2025-10-23 07:33:04,C015,Certificate Issuance,Operations South,E012,Standard,1,0.38,99.7,No,48,22.95,37.51,Met,2025-10
WO001084,2025-10-21 13:15:42,2025-10-23 07:39:42,C014,Policy Administration,Operations Central,E020,Standard,1,0.27,97.9,No,72,15.97,42.40,Met,2025-10
WO000955,2025-10-23 08:50:31,2025-10-23 20:10:19,C004,Document Retrieval,Operations North,E010,Rush,7,1.96,98.0,No,12,16.78,11.33,Met,2025-10
WO000697,2025-10-23 00:03:41,2025-10-24 11:11:29,C008,Certificate Issuance,Operations North,E023,Standard,2,0.59,96.9,No,48,17.80,35.13,Met,2025-10
WO001519,2025-10-22 18:05:15,2025-10-24 20:55:39,C015,Policy Checking,Operations Central,E009,Rush,2,1.47,95.9,No,36,44.16,50.84,Not Met,2025-10
WO001051,2025-10-23 17:19:22,2025-10-25 03:48:10,C011,Policy Administration,Operations North,E018,Standard,4,1.66,91.6,No,72,24.94,34.48,Met,2025-10
WO001178,2025-10-24 20:01:29,2025-10-25 04:42:17,C011,Document Retrieval,Operations South,E012,Standard,10,2.23,95.4,No,24,13.35,8.68,Met,2025-10
WO000084,2025-10-24 10:14:56,2025-10-25 21:55:44,C014,Policy Administration,Operations North,E025,Standard,3,0.80,96.2,No,72,16.09,35.68,Met,2025-10
WO001569,2025-10-24 14:48:05,2025-10-25 21:55:53,C006,Policy Administration,Operations North,E019,Rush,4,1.97,98.8,No,36,29.58,31.13,Met,2025-10
WO001605,2025-10-24 11:27:09,2025-10-26 03:55:57,C001,Direct Bill Posting,Operations North,E023,Standard,20,3.49,99.0,No,48,10.46,40.48,Met,2025-10
WO000556,2025-10-25 06:05:07,2025-10-26 18:14:07,C013,Policy Administration,Operations South,E010,Standard,5,1.36,98.7,No,72,16.33,36.15,Met,2025-10
WO001745,2025-10-25 14:41:21,2025-10-27 02:02:21,C005,Direct Bill Posting,Operations South,E005,Standard,19,2.03,97.2,No,48,6.42,35.35,Met,2025-10
WO001007,2025-10-25 12:33:16,2025-10-27 02:12:52,C003,Certificate Issuance,Operations South,E017,Standard,4,1.19,96.8,No,48,17.89,37.66,Met,2025-10
WO001302,2025-10-26 02:58:22,2025-10-27 04:08:34,C013,Direct Bill Posting,Operations South,E036,Standard,5,0.63,95.6,No,48,7.56,25.17,Met,2025-10
WO000579,2025-10-25 14:59:57,2025-10-27 07:35:21,C006,Direct Bill Posting,Operations Central,E016,Standard,5,0.87,97.9,No,48,10.39,40.59,Met,2025-10
WO001362,2025-10-26 02:43:40,2025-10-27 17:01:40,C013,Certificate Issuance,Operations South,E015,Standard,3,1.09,91.8,No,48,21.71,38.30,Met,2025-10
WO000564,2025-10-25 00:57:43,2025-10-27 17:09:07,C014,Policy Checking,Operations South,E020,Standard,4,1.99,92.3,No,72,29.84,64.19,Met,2025-10
WO000172,2025-10-26 17:58:28,2025-10-27 17:35:40,C001,Direct Bill Posting,Operations Central,E011,Standard,5,0.75,93.1,No,48,9.00,23.62,Met,2025-10
WO000628,2025-10-25 02:17:13,2025-10-27 18:06:25,C011,Policy Checking,Operations Central,E002,Standard,3,1.40,91.1,No,72,27.91,63.82,Met,2025-10
WO000807,2025-10-27 16:03:55,2025-10-28 11:35:07,C008,Certificate Issuance,Operations South,E013,Standard,2,0.48,93.1,No,48,14.45,19.52,Met,2025-10
WO001673,2025-10-28 00:04:30,2025-10-28 22:45:54,C013,Policy Administration,Operations Central,E026,Standard,4,1.13,96.9,No,72,17.01,22.69,Met,2025-10
WO000672,2025-10-28 08:20:38,2025-10-29 01:57:14,C005,Document Retrieval,Operations South,E004,Standard,9,1.96,98.3,No,24,13.04,17.61,Met,2025-10
WO001269,2025-10-28 06:26:39,2025-10-29 05:28:27,C013,Direct Bill Posting,Operations North,E036,Standard,19,2.16,98.2,No,48,6.82,23.03,Met,2025-10
WO000160,2025-10-27 21:30:49,2025-10-29 12:32:01,C007,Direct Bill Posting,Operations South,E029,Standard,15,1.79,93.4,No,48,7.16,39.02,Met,2025-10
WO001714,2025-10-28 11:53:21,2025-10-29 14:24:33,C004,Policy Administration,Operations North,E032,Rush,2,0.97,97.4,No,36,29.05,26.52,Met,2025-10
WO000245,2025-10-28 16:56:30,2025-10-30 00:00:06,C013,Direct Bill Posting,Operations Central,E030,Standard,15,2.44,94.2,No,48,9.75,31.06,Met,2025-10
WO000728,2025-10-28 02:09:34,2025-10-30 05:13:10,C003,Policy Administration,Operations Central,E003,Standard,4,1.47,90.7,Yes,72,22.02,51.06,Met,2025-10
WO001513,2025-10-29 09:55:40,2025-10-30 16:19:40,C007,Policy Administration,Operations Central,E035,Standard,3,0.84,98.8,Yes,72,16.88,30.40,Met,2025-10
WO001030,2025-10-29 09:42:48,2025-10-30 19:39:48,C007,Direct Bill Posting,Operations South,E033,Standard,19,2.34,91.5,No,48,7.38,33.95,Met,2025-10
WO000458,2025-10-30 08:18:47,2025-10-30 23:56:35,C010,Document Retrieval,Operations North,E020,Standard,3,0.56,99.6,No,24,11.26,15.63,Met,2025-10
WO001584,2025-10-31 18:44:08,2025-11-01 07:31:32,C001,Direct Bill Posting,Operations North,E027,Rush,8,1.13,99.4,Yes,24,8.51,12.79,Met,2025-11
WO001086,2025-10-31 06:26:54,2025-11-01 09:43:06,C008,Policy Checking,Operations Central,E006,Standard,2,1.06,90.2,Yes,72,31.85,27.27,Met,2025-11
WO001522,2025-11-01 01:29:06,2025-11-01 12:39:18,C002,Document Retrieval,Operations North,E016,Standard,1,0.19,94.5,No,24,11.36,11.17,Met,2025-11
WO001465,2025-10-31 02:13:28,2025-11-01 14:47:40,C009,Direct Bill Posting,Operations Central,E036,Standard,12,1.76,99.0,No,48,8.79,36.57,Met,2025-11
WO000326,2025-11-01 04:47:20,2025-11-02 06:01:44,C013,Policy Checking,Operations South,E029,Standard,3,1.34,94.2,No,72,26.82,25.24,Met,2025-11
WO001715,2025-11-01 05:42:27,2025-11-02 11:07:03,C015,Certificate Issuance,Operations South,E009,Standard,2,0.46,96.6,No,48,13.73,29.41,Met,2025-11
WO000799,2025-10-31 02:17:23,2025-11-02 13:53:23,C008,Policy Checking,Operations South,E005,Standard,3,2.08,92.3,No,72,41.61,59.60,Met,2025-11
WO000866,2025-11-01 13:49:31,2025-11-02 14:33:19,C015,Direct Bill Posting,Operations North,E020,Standard,7,0.79,95.1,No,48,6.78,24.73,Met,2025-11
WO001644,2025-11-01 20:14:12,2025-11-02 23:59:48,C010,Certificate Issuance,Operations North,E018,Rush,2,0.56,98.3,No,24,16.73,27.76,Not Met,2025-11
WO000929,2025-11-02 03:15:44,2025-11-03 15:27:44,C001,Direct Bill Posting,Operations Central,E026,Standard,18,2.84,96.5,No,48,9.46,36.20,Met,2025-11
WO000922,2025-11-03 09:18:57,2025-11-04 16:30:57,C002,Certificate Issuance,Operations Central,E025,Standard,5,1.79,98.2,No,48,21.44,31.20,Met,2025-11
WO000870,2025-11-03 07:27:46,2025-11-04 19:12:46,C014,Certificate Issuance,Operations South,E001,Standard,2,0.66,97.0,No,48,19.85,35.75,Met,2025-11
WO001126,2025-11-03 09:48:04,2025-11-04 20:45:04,C011,Direct Bill Posting,Operations Central,E001,Standard,13,1.39,92.2,No,48,6.43,34.95,Met,2025-11
WO001797,2025-11-04 06:38:35,2025-11-04 23:06:11,C001,Direct Bill Posting,Operations South,E005,Standard,13,1.80,92.7,No,48,8.31,16.46,Met,2025-11
WO001622,2025-11-04 14:27:28,2025-11-05 07:56:52,C010,Direct Bill Posting,Operations Central,E017,Standard,6,0.61,92.6,No,48,6.06,17.49,Met,2025-11
WO000806,2025-11-04 16:02:37,2025-11-06 01:34:25,C007,Direct Bill Posting,Operations South,E015,Standard,10,1.05,94.8,No,48,6.31,33.53,Met,2025-11
WO000110,2025-11-06 00:11:23,2025-11-06 16:34:11,C015,Direct Bill Posting,Operations North,E031,Standard,11,1.09,91.7,No,48,5.92,16.38,Met,2025-11
WO001042,2025-11-06 12:31:58,2025-11-06 17:07:22,C011,Document Retrieval,Operations Central,E022,Rush,7,1.94,90.4,Yes,12,16.59,4.59,Met,2025-11
WO001751,2025-11-07 16:15:35,2025-11-07 23:44:59,C002,Document Retrieval,Operations North,E013,Standard,6,1.09,95.9,No,24,10.91,7.49,Met,2025-11
WO000151,2025-11-04 06:14:27,2025-11-08 01:01:51,C012,Policy Administration,Operations North,E019,Standard,1,0.48,90.1,Yes,72,28.66,90.79,Not Met,2025-11
WO000418,2025-11-06 23:28:11,2025-11-08 05:35:59,C003,Document Retrieval,Operations Central,E010,Standard,3,0.66,97.6,No,24,13.21,30.13,Not Met,2025-11
WO001083,2025-11-08 08:20:33,2025-11-08 16:09:45,C012,Document Retrieval,Operations South,E019,Standard,3,0.60,91.2,No,24,11.91,7.82,Met,2025-11
WO000723,2025-11-07 06:32:31,2025-11-09 13:53:31,C006,Policy Administration,Operations North,E007,Standard,2,0.64,91.3,No,72,19.31,55.35,Met,2025-11
WO000427,2025-11-09 04:53:55,2025-11-10 15:40:43,C014,Direct Bill Posting,Operations North,E013,Standard,5,0.56,95.1,No,48,6.69,34.78,Met,2025-11
WO001364,2025-11-09 09:50:10,2025-11-11 04:05:10,C015,Policy Administration,Operations North,E026,Standard,2,0.83,91.7,No,72,24.76,42.25,Met,2025-11
WO000422,2025-11-09 14:46:14,2025-11-12 02:07:50,C010,Policy Checking,Operations North,E008,Standard,4,2.53,90.4,Yes,72,37.94,59.36,Met,2025-11
WO000068,2025-11-12 15:49:21,2025-11-12 23:10:57,C009,Document Retrieval,Operations North,E013,Standard,5,0.75,95.8,No,24,9.01,7.36,Met,2025-11
WO001429,2025-11-10 23:54:22,2025-11-13 00:32:10,C013,Policy Checking,Operations Central,E004,Standard,1,0.67,92.7,No,72,40.04,48.63,Met,2025-11
WO000471,2025-11-12 08:29:09,2025-11-13 19:41:45,C013,Direct Bill Posting,Operations South,E019,Standard,13,1.89,94.5,No,48,8.70,35.21,Met,2025-11
WO000885,2025-11-13 07:22:45,2025-11-14 03:59:21,C005,Document Retrieval,Operations North,E011,Standard,4,0.62,94.2,No,24,9.29,20.61,Met,2025-11
WO000311,2025-11-12 11:30:08,2025-11-15 02:54:08,C015,Policy Checking,Operations North,E003,Standard,3,1.88,98.7,No,72,37.58,63.40,Met,2025-11
WO000252,2025-11-12 19:22:49,2025-11-15 06:01:49,C004,Policy Administration,Operations North,E005,Standard,4,1.34,99.8,No,72,20.10,58.65,Met,2025-11
WO000779,2025-11-14 09:57:02,2025-11-15 06:12:02,C014,Document Retrieval,Operations South,E019,Standard,5,0.92,91.4,No,24,11.00,20.25,Met,2025-11
WO000273,2025-11-15 16:09:37,2025-11-16 04:18:37,C001,Document Retrieval,Operations Central,E028,Standard,6,0.89,99.3,No,24,8.93,12.15,Met,2025-11
WO000883,2025-11-16 04:32:41,2025-11-16 20:41:41,C003,Document Retrieval,Operations South,E006,Rush,6,1.42,93.9,No,12,14.15,16.15,Not Met,2025-11
WO000034,2025-11-16 08:19:39,2025-11-17 00:23:15,C001,Document Retrieval,Operations North,E014,Standard,10,2.08,95.0,No,24,12.50,16.06,Met,2025-11
WO001724,2025-11-16 18:24:45,2025-11-17 09:37:57,C014,Direct Bill Posting,Operations Central,E020,Standard,17,2.17,95.3,No,48,7.66,15.22,Met,2025-11
WO000250,2025-11-16 05:48:33,2025-11-17 12:04:45,C004,Certificate Issuance,Operations Central,E008,Standard,1,0.29,93.0,No,48,17.67,30.27,Met,2025-11
WO001418,2025-11-14 12:15:17,2025-11-17 20:59:41,C013,Direct Bill Posting,Operations South,E020,Standard,7,0.95,92.6,No,48,8.13,80.74,Not Met,2025-11
WO000480,2025-11-17 06:36:49,2025-11-18 06:26:01,C008,Policy Administration,Operations South,E014,Standard,4,1.45,95.2,No,72,21.81,23.82,Met,2025-11
WO001316,2025-11-16 14:00:26,2025-11-19 09:44:50,C002,Policy Checking,Operations Central,E016,Standard,1,0.62,98.2,No,72,37.41,67.74,Met,2025-11
WO000199,2025-11-15 08:26:06,2025-11-19 13:21:18,C008,Policy Administration,Operations North,E006,Standard,5,2.02,93.1,No,72,24.27,100.92,Not Met,2025-11
WO001124,2025-11-19 10:13:45,2025-11-21 01:05:57,C001,Certificate Issuance,Operations Central,E005,Standard,5,1.64,95.3,No,48,19.62,38.87,Met,2025-11
WO000551,2025-11-20 08:16:41,2025-11-21 09:08:53,C009,Direct Bill Posting,Operations North,E022,Standard,9,1.38,93.2,No,48,9.23,24.87,Met,2025-11
WO001158,2025-11-19 06:15:03,2025-11-21 09:47:27,C002,Policy Administration,Operations Central,E013,Standard,5,2.11,97.4,No,72,25.36,51.54,Met,2025-11
WO000785,2025-11-19 20:23:48,2025-11-21 14:40:00,C009,Certificate Issuance,Operations North,E035,Standard,2,0.45,97.4,No,48,13.44,42.27,Met,2025-11
WO001121,2025-11-20 16:42:44,2025-11-22 14:16:56,C001,Certificate Issuance,Operations North,E005,Standard,5,1.91,91.4,No,48,22.86,45.57,Met,2025-11
WO000605,2025-11-20 22:42:34,2025-11-22 18:41:58,C004,Document Retrieval,Operations South,E029,Standard,1,0.22,96.7,No,24,13.14,43.99,Not Met,2025-11
WO000889,2025-11-20 14:52:59,2025-11-22 21:15:47,C009,Policy Checking,Operations North,E018,Standard,3,2.33,97.7,No,72,46.63,54.38,Met,2025-11
WO000957,2025-11-21 11:30:21,2025-11-22 23:04:33,C015,Certificate Issuance,Operations North,E025,Standard,4,1.57,97.2,No,48,23.50,35.57,Met,2025-11
WO001571,2025-11-21 17:03:51,2025-11-23 03:03:51,C002,Certificate Issuance,Operations North,E008,Standard,1,0.22,91.1,No,48,13.44,34.00,Met,2025-11
WO000039,2025-11-22 21:32:42,2025-11-23 08:47:06,C013,Document Retrieval,Operations North,E016,Standard,6,0.91,98.7,Yes,24,9.14,11.24,Met,2025-11
WO001049,2025-11-21 04:52:38,2025-11-23 10:30:26,C005,Direct Bill Posting,Operations North,E022,Standard,11,1.77,91.9,No,48,9.64,53.63,Not Met,2025-11
WO000747,2025-11-21 00:14:53,2025-11-23 13:44:17,C015,Policy Checking,Operations North,E029,Standard,1,0.69,90.2,Yes,72,41.57,61.49,Met,2025-11
WO000849,2025-11-22 22:43:13,2025-11-23 20:03:37,C013,Document Retrieval,Operations Central,E035,Standard,7,1.82,93.7,No,24,15.57,21.34,Met,2025-11
WO001112,2025-11-22 12:13:02,2025-11-23 23:09:26,C012,Policy Administration,Operations Central,E026,Standard,2,0.94,94.6,No,72,28.06,34.94,Met,2025-11
WO000621,2025-11-23 10:36:32,2025-11-24 04:49:08,C007,Policy Checking,Operations North,E010,Rush,3,1.68,94.8,No,36,33.63,18.21,Met,2025-11
WO000581,2025-11-22 03:08:51,2025-11-24 12:47:51,C007,Direct Bill Posting,Operations North,E001,Standard,7,0.73,96.0,No,48,6.28,57.65,Not Met,2025-11
WO000320,2025-11-19 15:41:49,2025-11-24 19:21:25,C015,Policy Administration,Operations North,E016,Standard,1,0.27,96.0,No,72,16.12,123.66,Not Met,2025-11
WO001583,2025-11-23 10:27:59,2025-11-25 01:38:47,C005,Policy Administration,Operations North,E009,Standard,2,0.73,96.1,No,72,21.83,39.18,Met,2025-11
WO000183,2025-11-24 11:13:36,2025-11-25 08:07:36,C012,Direct Bill Posting,Operations North,E024,Standard,10,1.59,97.8,No,48,9.53,20.90,Met,2025-11
WO000220,2025-11-22 22:16:18,2025-11-25 15:11:30,C009,Policy Checking,Operations South,E024,Standard,2,1.38,95.4,No,72,41.45,64.92,Met,2025-11
WO001212,2025-11-24 08:01:27,2025-11-25 15:41:39,C001,Policy Administration,Operations North,E036,Standard,5,1.85,90.8,Yes,72,22.20,31.67,Met,2025-11
WO001256,2025-11-25 08:51:48,2025-11-26 02:42:12,C007,Certificate Issuance,Operations South,E031,Standard,5,1.93,99.8,No,48,23.12,17.84,Met,2025-11
WO001034,2025-11-24 06:10:18,2025-11-26 02:48:06,C012,Certificate Issuance,Operations Central,E022,Standard,3,0.91,96.0,No,48,18.19,44.63,Met,2025-11
WO000217,2025-11-25 03:31:38,2025-11-26 06:09:26,C014,Policy Administration,Operations South,E005,Standard,3,1.47,94.8,No,72,29.36,26.63,Met,2025-11
WO000497,2025-11-25 01:20:30,2025-11-26 08:55:54,C008,Certificate Issuance,Operations South,E004,Standard,5,1.51,94.8,No,48,18.13,31.59,Met,2025-11
WO000798,2025-11-24 23:36:54,2025-11-26 10:25:30,C015,Policy Checking,Operations Central,E011,Standard,3,1.39,99.7,No,72,27.84,34.81,Met,2025-11
WO000234,2025-11-24 14:41:41,2025-11-26 14:47:05,C010,Policy Administration,Operations North,E022,Standard,3,1.03,98.2,No,72,20.51,48.09,Met,2025-11
WO001760,2025-11-25 19:19:22,2025-11-26 17:30:10,C004,Document Retrieval,Operations North,E023,Standard,10,1.51,94.4,No,24,9.07,22.18,Met,2025-11
WO001457,2025-11-25 04:45:19,2025-11-26 20:26:07,C002,Certificate Issuance,Operations South,E024,Standard,3,0.92,94.9,No,48,18.48,39.68,Met,2025-11
WO000047,2025-11-26 02:12:03,2025-11-26 22:12:03,C002,Certificate Issuance,Operations South,E017,Standard,6,2.03,90.6,Yes,48,20.32,20.00,Met,2025-11
WO001113,2025-11-26 14:54:12,2025-11-27 14:45:48,C010,Policy Administration,Operations North,E008,Standard,1,0.42,90.5,Yes,72,25.16,23.86,Met,2025-11
WO000306,2025-11-26 15:59:03,2025-11-27 19:17:39,C011,Certificate Issuance,Operations South,E013,Standard,4,1.29,95.1,No,48,19.28,27.31,Met,2025-11
WO001415,2025-11-27 08:48:46,2025-11-27 22:50:34,C006,Document Retrieval,Operations North,E033,Standard,7,1.68,97.8,No,24,14.37,14.03,Met,2025-11
WO001705,2025-11-26 17:21:45,2025-11-28 00:22:57,C008,Certificate Issuance,Operations North,E017,Rush,1,0.23,95.1,No,24,14.05,31.02,Not Met,2025-11
WO001315,2025-11-24 16:54:58,2025-11-28 08:16:34,C006,Policy Administration,Operations Central,E009,Standard,3,1.37,94.4,No,72,27.40,87.36,Not Met,2025-11
WO000639,2025-11-23 16:07:27,2025-11-28 14:50:39,C008,Policy Administration,Operations South,E036,Standard,3,1.15,93.9,No,72,22.97,118.72,Not Met,2025-11
WO001628,2025-11-23 15:50:14,2025-11-29 01:28:38,C002,Policy Administration,Operations North,E019,Standard,4,1.47,97.9,No,72,22.02,129.64,Not Met,2025-11
WO000951,2025-11-27 16:47:29,2025-11-29 04:58:17,C005,Policy Administration,Operations South,E016,Standard,5,1.54,98.8,No,72,18.48,36.18,Met,2025-11
WO000289,2025-11-26 16:47:06,2025-11-29 06:25:30,C002,Policy Administration,Operations North,E004,Standard,3,1.07,92.6,No,72,21.40,61.64,Met,2025-11
WO000833,2025-11-28 13:59:13,2025-11-29 12:37:37,C015,Document Retrieval,Operations North,E025,Standard,3,0.47,97.4,No,24,9.46,22.64,Met,2025-11
WO001702,2025-11-28 15:41:13,2025-11-30 01:23:49,C014,Document Retrieval,Operations North,E010,Standard,9,1.72,93.7,No,24,11.45,33.71,Not Met,2025-11
WO001245,2025-11-29 01:09:08,2025-11-30 12:24:08,C007,Direct Bill Posting,Operations North,E027,Standard,13,1.54,96.1,No,48,7.10,35.25,Met,2025-11
WO000206,2025-11-29 21:45:19,2025-11-30 16:09:19,C007,Document Retrieval,Operations North,E033,Standard,2,0.50,95.4,No,24,14.92,18.40,Met,2025-11
WO001031,2025-11-30 22:53:18,2025-12-01 14:10:42,C001,Document Retrieval,Operations North,E010,Standard,5,1.12,95.9,No,24,13.43,15.29,Met,2025-12
WO000924,2025-12-01 06:05:08,2025-12-02 13:12:20,C009,Direct Bill Posting,Operations North,E025,Standard,14,2.27,93.2,No,48,9.71,31.12,Met,2025-12
WO001354,2025-11-30 15:46:01,2025-12-02 17:47:49,C007,Policy Checking,Operations South,E004,Standard,3,2.15,91.5,No,72,43.06,50.03,Met,2025-12
WO001419,2025-12-01 06:17:45,2025-12-02 22:05:45,C014,Policy Checking,Operations Central,E032,Standard,3,1.28,93.3,No,72,25.66,39.80,Met,2025-12
WO000944,2025-12-02 03:39:00,2025-12-03 02:38:24,C015,Certificate Issuance,Operations North,E007,Standard,6,1.79,93.3,Yes,48,17.92,22.99,Met,2025-12
WO001423,2025-12-02 02:02:13,2025-12-03 03:11:13,C006,Policy Administration,Operations South,E029,Standard,5,1.39,95.9,No,72,16.70,25.15,Met,2025-12
WO000571,2025-12-01 16:12:21,2025-12-03 05:15:57,C006,Policy Administration,Operations North,E034,Standard,3,1.31,90.2,Yes,72,26.13,37.06,Met,2025-12
WO000088,2025-12-02 23:25:42,2025-12-03 10:16:06,C014,Certificate Issuance,Operations North,E009,Rush,5,1.83,97.7,No,24,21.95,10.84,Met,2025-12
WO000037,2025-12-01 10:01:15,2025-12-03 11:51:03,C002,Policy Administration,Operations Central,E016,Standard,2,0.89,96.3,No,72,26.82,49.83,Met,2025-12
WO000534,2025-11-28 03:02:31,2025-12-03 14:48:43,C014,Policy Administration,Operations Central,E019,Standard,4,1.12,95.8,No,72,16.82,131.77,Not Met,2025-12
WO001248,2025-12-01 07:51:03,2025-12-03 19:36:03,C009,Policy Administration,Operations South,E016,Standard,3,1.16,92.7,No,72,23.22,59.75,Met,2025-12
WO000186,2025-12-02 10:51:11,2025-12-03 20:28:59,C014,Direct Bill Posting,Operations North,E028,Standard,8,1.01,93.3,Yes,48,7.60,33.63,Met,2025-12
WO000797,2025-12-03 17:56:45,2025-12-04 07:10:33,C009,Document Retrieval,Operations South,E018,Standard,6,1.41,90.7,Yes,24,14.14,13.23,Met,2025-12
WO001800,2025-12-03 10:18:30,2025-12-04 16:11:18,C001,Policy Administration,Operations Central,E032,Standard,5,2.43,92.8,No,72,29.16,29.88,Met,2025-12
WO001032,2025-12-04 08:06:47,2025-12-04 19:37:23,C003,Document Retrieval,Operations South,E004,Standard,1,0.19,99.9,No,24,11.22,11.51,Met,2025-12
WO001417,2025-12-03 11:39:49,2025-12-04 20:03:49,C002,Document Retrieval,Operations Central,E020,Standard,2,0.32,91.6,No,24,9.57,32.40,Not Met,2025-12
WO001499,2025-12-02 17:35:16,2025-12-05 04:21:28,C013,Policy Administration,Operations North,E024,Standard,3,1.04,98.3,No,72,20.82,58.77,Met,2025-12
WO000862,2025-11-30 22:13:21,2025-12-05 07:51:09,C015,Policy Administration,Operations North,E017,Standard,1,0.28,92.1,No,72,16.71,105.63,Not Met,2025-12
WO000003,2025-12-04 11:55:19,2025-12-05 20:36:07,C008,Direct Bill Posting,Operations North,E026,Standard,20,3.33,90.2,Yes,48,9.98,32.68,Met,2025-12
WO001598,2025-12-04 16:12:06,2025-12-05 21:03:06,C014,Direct Bill Posting,Operations South,E024,Standard,5,0.79,91.0,No,48,9.50,28.85,Met,2025-12
WO000942,2025-12-04 15:30:38,2025-12-05 23:30:38,C003,Document Retrieval,Operations Central,E001,Standard,9,2.18,93.9,No,24,14.53,32.00,Not Met,2025-12
WO001719,2025-12-03 22:41:02,2025-12-06 08:16:26,C006,Policy Administration,Operations South,E004,Standard,1,0.35,96.7,No,72,21.16,57.59,Met,2025-12
WO001567,2025-12-05 00:25:00,2025-12-06 09:49:36,C005,Certificate Issuance,Operations Central,E006,Standard,3,0.69,98.3,No,48,13.81,33.41,Met,2025-12
WO001213,2025-12-05 11:50:53,2025-12-06 10:04:41,C010,Document Retrieval,Operations South,E029,Standard,3,0.45,93.2,No,24,8.93,22.23,Met,2025-12
WO000241,2025-12-02 12:09:48,2025-12-06 17:17:36,C004,Policy Checking,Operations North,E026,Standard,1,0.55,95.5,No,72,32.77,101.13,Not Met,2025-12
WO000845,2025-12-06 05:08:46,2025-12-06 22:33:58,C008,Certificate Issuance,Operations North,E001,Standard,2,0.78,90.3,Yes,48,23.54,17.42,Met,2025-12
WO000146,2025-12-06 08:24:44,2025-12-07 05:33:08,C010,Certificate Issuance,Operations South,E024,Standard,1,0.32,95.1,No,48,19.47,21.14,Met,2025-12
WO000678,2025-12-05 12:58:23,2025-12-07 09:28:23,C010,Certificate Issuance,Operations South,E005,Standard,5,1.93,91.8,No,48,23.18,44.50,Met,2025-12
WO001160,2025-12-05 14:16:33,2025-12-07 14:06:21,C003,Policy Administration,Operations South,E033,Standard,5,1.38,98.7,No,72,16.57,47.83,Met,2025-12
WO000946,2025-12-05 17:18:20,2025-12-07 21:11:08,C008,Certificate Issuance,Operations Central,E026,Standard,3,1.07,90.8,Yes,48,21.39,51.88,Not Met,2025-12
WO000705,2025-12-06 17:12:23,2025-12-07 21:32:47,C011,Direct Bill Posting,Operations North,E022,Standard,12,2.11,93.9,No,48,10.57,28.34,Met,2025-12
WO000719,2025-12-06 08:55:55,2025-12-07 21:47:31,C008,Direct Bill Posting,Operations Central,E035,Standard,16,2.20,96.2,No,48,8.24,36.86,Met,2025-12
WO001746,2025-12-06 18:08:52,2025-12-08 06:14:52,C008,Policy Checking,Operations North,E016,Standard,3,1.98,94.6,No,72,39.54,36.10,Met,2025-12
WO001739,2025-12-07 18:47:43,2025-12-08 11:54:19,C011,Certificate Issuance,Operations South,E008,Standard,3,1.15,97.8,No,48,23.02,17.11,Met,2025-12
WO001196,2025-12-08 01:26:50,2025-12-08 18:26:50,C009,Direct Bill Posting,Operations North,E032,Rush,16,2.82,91.1,No,24,10.58,17.00,Met,2025-12
WO000014,2025-12-08 19:01:53,2025-12-09 20:06:41,C012,Certificate Issuance,Operations Central,E001,Standard,6,1.34,97.9,No,48,13.38,25.08,Met,2025-12
WO001462,2025-12-09 11:55:01,2025-12-09 23:46:01,C009,Certificate Issuance,Operations South,E002,Rush,6,2.44,96.0,No,24,24.44,11.85,Met,2025-12
WO000262,2025-12-07 13:27:52,2025-12-10 01:40:28,C009,Policy Checking,Operations Central,E013,Standard,2,0.94,92.8,No,72,28.08,60.21,Met,2025-12
WO000793,2025-12-09 18:17:49,2025-12-10 08:47:49,C005,Certificate Issuance,Operations South,E005,Standard,2,0.67,90.1,Yes,48,20.18,14.50,Met,2025-12
WO001206,2025-12-09 23:40:33,2025-12-10 12:24:57,C002,Document Retrieval,Operations South,E003,Standard,6,1.29,99.9,No,24,12.87,12.74,Met,2025-12
WO000638,2025-12-08 12:22:36,2025-12-10 20:38:48,C004,Certificate Issuance,Operations North,E019,Standard,5,1.75,99.8,No,48,20.99,56.27,Not Met,2025-12
WO001348,2025-12-10 04:33:24,2025-12-11 08:47:12,C006,Policy Administration,Operations Central,E001,Rush,5,2.11,97.6,No,36,25.37,28.23,Met,2025-12
WO000319,2025-12-10 10:37:33,2025-12-11 23:57:57,C014,Policy Checking,Operations Central,E006,Standard,2,1.39,91.7,No,72,41.67,37.34,Met,2025-12
WO000529,2025-12-09 07:55:36,2025-12-12 13:41:48,C010,Policy Administration,Operations North,E025,Standard,1,0.27,92.8,No,72,16.32,77.77,Not Met,2025-12
WO001470,2025-12-11 13:33:23,2025-12-12 17:12:59,C012,Policy Administration,Operations North,E035,Standard,4,1.10,93.5,No,72,16.46,27.66,Met,2025-12
WO000804,2025-12-10 23:31:13,2025-12-12 19:18:37,C011,Certificate Issuance,Operations Central,E012,Standard,2,0.47,97.2,No,48,14.02,43.79,Met,2025-12
WO000544,2025-12-09 10:04:25,2025-12-12 23:29:01,C006,Certificate Issuance,Operations South,E004,Standard,1,0.30,91.8,No,48,18.07,85.41,Not Met,2025-12
WO000941,2025-12-11 19:06:24,2025-12-13 00:52:00,C009,Policy Administration,Operations South,E005,Standard,3,0.80,99.4,No,72,16.03,29.76,Met,2025-12
WO000082,2025-12-12 15:13:38,2025-12-13 05:55:38,C003,Certificate Issuance,Operations South,E012,Standard,5,1.67,92.9,No,48,20.08,14.70,Met,2025-12
WO001453,2025-12-11 15:16:32,2025-12-13 22:42:20,C006,Policy Administration,Operations North,E010,Standard,2,0.58,93.6,No,72,17.27,55.43,Met,2025-12
WO000167,2025-12-12 21:06:45,2025-12-14 00:15:45,C004,Direct Bill Posting,Operations Central,E034,Standard,17,1.70,99.3,No,48,6.00,27.15,Met,2025-12
WO001792,2025-12-13 06:21:34,2025-12-14 04:31:46,C012,Document Retrieval,Operations North,E030,Standard,10,1.71,96.9,No,24,10.25,22.17,Met,2025-12
WO000875,2025-12-13 22:30:44,2025-12-14 16:06:44,C011,Document Retrieval,Operations North,E015,Standard,8,1.25,95.7,No,24,9.34,17.60,Met,2025-12
WO001537,2025-12-13 13:50:38,2025-12-14 19:19:26,C001,Document Retrieval,Operations South,E002,Standard,10,2.49,93.4,Yes,24,14.94,29.48,Not Met,2025-12
WO001331,2025-12-11 04:11:54,2025-12-14 19:22:06,C010,Policy Administration,Operations Central,E015,Standard,2,0.94,96.3,No,72,28.08,87.17,Not Met,2025-12
WO001640,2025-12-11 05:38:09,2025-12-14 20:41:45,C013,Certificate Issuance,Operations South,E001,Standard,1,0.26,90.5,Yes,48,15.87,87.06,Not Met,2025-12
WO000637,2025-12-13 20:09:48,2025-12-15 05:44:00,C010,Certificate Issuance,Operations South,E036,Standard,3,0.70,97.7,No,48,14.01,33.57,Met,2025-12
WO000667,2025-12-13 22:27:23,2025-12-15 09:18:59,C009,Direct Bill Posting,Operations North,E029,Standard,12,1.81,96.2,No,48,9.04,34.86,Met,2025-12
WO000848,2025-12-13 12:59:58,2025-12-15 14:19:10,C012,Policy Administration,Operations North,E026,Standard,2,0.75,98.2,No,72,22.52,49.32,Met,2025-12
WO000945,2025-12-13 07:26:12,2025-12-15 17:10:36,C006,Certificate Issuance,Operations Central,E018,Standard,1,0.28,94.0,No,48,16.84,57.74,Not Met,2025-12
WO000465,2025-12-15 11:55:13,2025-12-16 07:32:25,C011,Certificate Issuance,Operations Central,E030,Standard,3,1.14,96.7,No,48,22.84,19.62,Met,2025-12
WO001500,2025-12-15 21:14:35,2025-12-17 12:50:35,C014,Direct Bill Posting,Operations Central,E013,Rush,14,1.57,90.6,Yes,24,6.71,39.60,Not Met,2025-12
WO000505,2025-12-16 22:43:30,2025-12-17 14:17:06,C003,Certificate Issuance,Operations South,E010,Standard,1,0.29,99.0,No,48,17.67,15.56,Met,2025-12
WO000060,2025-12-17 14:34:40,2025-12-17 21:37:40,C013,Document Retrieval,Operations North,E005,Rush,4,1.06,90.5,Yes,12,15.90,7.05,Met,2025-12
WO001477,2025-12-15 09:33:21,2025-12-18 21:07:33,C013,Policy Administration,Operations South,E012,Standard,5,1.94,99.1,No,72,23.31,83.57,Not Met,2025-12
WO000107,2025-12-17 23:13:38,2025-12-18 21:44:50,C011,Certificate Issuance,Operations South,E030,Standard,3,1.10,95.5,No,48,21.98,22.52,Met,2025-12
WO000829,2025-12-17 13:41:15,2025-12-19 00:26:51,C008,Direct Bill Posting,Operations North,E016,Standard,13,1.51,99.3,No,48,6.95,34.76,Met,2025-12
WO001795,2025-12-18 17:37:31,2025-12-19 23:24:19,C001,Policy Checking,Operations South,E017,Standard,3,1.33,91.2,No,72,26.54,29.78,Met,2025-12
WO000584,2025-12-19 10:52:50,2025-12-20 02:15:02,C003,Certificate Issuance,Operations Central,E025,Standard,3,0.80,96.7,No,48,15.91,15.37,Met,2025-12
WO000815,2025-12-18 09:54:28,2025-12-20 06:18:28,C002,Certificate Issuance,Operations South,E027,Standard,3,0.98,99.8,No,48,19.52,44.40,Met,2025-12
WO000960,2025-12-18 10:22:30,2025-12-20 11:14:42,C010,Policy Checking,Operations North,E015,Standard,4,2.50,92.5,No,72,37.53,48.87,Met,2025-12
WO001491,2025-12-20 12:12:25,2025-12-20 16:35:49,C009,Document Retrieval,Operations Central,E025,Rush,2,0.55,98.5,No,12,16.57,4.39,Met,2025-12
WO001615,2025-12-18 14:42:42,2025-12-20 19:47:30,C011,Policy Administration,Operations South,E005,Standard,4,1.64,95.3,No,72,24.54,53.08,Met,2025-12
WO001638,2025-12-19 20:47:45,2025-12-21 14:30:57,C010,Policy Checking,Operations North,E013,Standard,4,1.78,90.1,Yes,72,26.77,41.72,Met,2025-12
WO000921,2025-12-20 16:26:40,2025-12-21 22:18:16,C014,Certificate Issuance,Operations North,E003,Standard,3,0.96,90.7,Yes,48,19.23,29.86,Met,2025-12
WO000133,2025-12-20 12:15:47,2025-12-21 23:16:59,C012,Policy Administration,Operations South,E004,Standard,2,0.84,91.3,Yes,72,25.21,35.02,Met,2025-12
WO001384,2025-12-21 08:37:39,2025-12-22 00:59:15,C006,Document Retrieval,Operations South,E036,Standard,8,1.75,95.9,No,24,13.11,16.36,Met,2025-12
WO001004,2025-12-21 19:16:48,2025-12-22 10:40:12,C003,Certificate Issuance,Operations South,E007,Standard,2,0.58,95.7,No,48,17.30,15.39,Met,2025-12
WO000976,2025-12-20 23:46:10,2025-12-22 22:22:10,C007,Policy Administration,Operations Central,E036,Standard,4,1.31,93.0,No,72,19.70,46.60,Met,2025-12
WO001659,2025-12-22 07:01:56,2025-12-23 01:31:56,C009,Document Retrieval,Operations North,E018,Standard,6,1.06,97.4,No,24,10.60,18.50,Met,2025-12
WO000256,2025-12-21 14:50:24,2025-12-23 16:58:48,C007,Policy Checking,Operations South,E018,Standard,2,1.29,98.1,No,72,38.64,50.14,Met,2025-12
WO001410,2025-12-22 12:34:58,2025-12-24 02:08:34,C004,Direct Bill Posting,Operations Central,E030,Standard,17,1.80,92.9,No,48,6.34,37.56,Met,2025-12
WO001318,2025-12-22 21:44:02,2025-12-24 11:29:02,C009,Direct Bill Posting,Operations Central,E023,Rush,5,0.69,91.0,No,24,8.26,37.75,Not Met,2025-12
WO001406,2025-12-23 12:27:52,2025-12-24 13:30:52,C009,Certificate Issuance,Operations South,E003,Standard,4,1.10,92.2,No,48,16.48,25.05,Met,2025-12
WO001484,2025-12-24 10:23:39,2025-12-24 22:01:27,C015,Certificate Issuance,Operations North,E034,Rush,3,1.10,96.1,No,24,22.01,11.63,Met,2025-12
WO001209,2025-12-24 08:12:17,2025-12-25 09:18:53,C004,Direct Bill Posting,Operations North,E007,Standard,18,2.82,91.8,No,48,9.39,25.11,Met,2025-12
WO001099,2025-12-23 18:37:39,2025-12-25 10:40:39,C009,Direct Bill Posting,Operations North,E024,Standard,20,2.36,93.9,No,48,7.08,40.05,Met,2025-12
WO000832,2025-12-25 02:48:54,2025-12-26 12:32:06,C007,Direct Bill Posting,Operations South,E034,Standard,18,2.13,99.7,No,48,7.11,33.72,Met,2025-12
WO001339,2025-12-21 04:20:25,2025-12-26 16:06:01,C010,Policy Checking,Operations Central,E006,Standard,2,1.38,90.2,Yes,72,41.42,131.76,Not Met,2025-12
WO001089,2025-12-25 01:43:59,2025-12-26 19:34:23,C009,Policy Administration,Operations North,E028,Standard,2,0.78,92.6,No,72,23.28,41.84,Met,2025-12
WO000139,2025-12-26 06:27:12,2025-12-27 00:14:00,C001,Document Retrieval,Operations South,E006,Rush,4,0.62,90.8,Yes,12,9.35,17.78,Not Met,2025-12
WO000784,2025-12-27 04:16:33,2025-12-27 18:04:33,C005,Document Retrieval,Operations Central,E018,Standard,7,1.25,95.9,No,24,10.74,13.80,Met,2025-12
WO000174,2025-12-24 20:00:12,2025-12-27 21:59:00,C009,Certificate Issuance,Operations North,E007,Standard,6,1.87,92.8,No,48,18.67,73.98,Not Met,2025-12
WO000665,2025-12-25 16:02:12,2025-12-28 09:17:48,C014,Policy Administration,Operations Central,E011,Standard,3,1.12,97.7,No,72,22.31,65.26,Met,2025-12
WO001727,2025-12-27 12:49:08,2025-12-28 15:57:32,C003,Policy Checking,Operations Central,E021,Standard,1,0.65,98.3,No,72,39.30,27.14,Met,2025-12
WO001683,2025-12-28 17:22:05,2025-12-29 03:12:29,C007,Document Retrieval,Operations Central,E032,Standard,10,2.38,90.4,Yes,24,14.29,9.84,Met,2025-12
WO001291,2025-12-28 20:55:06,2025-12-29 12:23:54,C010,Certificate Issuance,Operations South,E036,Standard,2,0.78,93.0,No,48,23.32,15.48,Met,2025-12
WO000570,2025-12-28 13:37:45,2025-12-29 15:05:57,C013,Direct Bill Posting,Operations North,E033,Standard,18,2.55,93.3,No,48,8.50,25.47,Met,2025-12
WO000713,2025-12-29 05:06:53,2025-12-29 17:44:41,C010,Certificate Issuance,Operations Central,E004,Rush,5,1.54,99.2,No,24,18.45,12.63,Met,2025-12
WO000911,2025-12-29 17:07:06,2025-12-30 00:17:18,C010,Document Retrieval,Operations South,E008,Rush,7,1.20,90.4,Yes,12,10.29,7.17,Met,2025-12
WO000961,2025-12-27 00:50:42,2025-12-30 10:34:30,C004,Certificate Issuance,Operations Central,E018,Standard,3,1.02,90.7,Yes,48,20.40,81.73,Not Met,2025-12
WO000353,2025-12-28 11:26:27,2025-12-30 13:48:39,C013,Policy Administration,Operations North,E006,Rush,4,1.29,91.9,No,36,19.37,50.37,Not Met,2025-12
WO001486,2025-12-29 22:10:08,2025-12-30 18:06:32,C004,Document Retrieval,Operations South,E025,Standard,4,0.68,98.5,No,24,10.26,19.94,Met,2025-12
WO000733,2025-12-29 08:56:22,2025-12-30 20:07:46,C005,Certificate Issuance,Operations Central,E017,Standard,1,0.40,92.4,No,48,24.05,35.19,Met,2025-12
WO000397,2025-12-29 05:28:26,2025-12-30 22:45:14,C006,Policy Administration,Operations Central,E013,Standard,5,1.81,97.0,Yes,72,21.72,41.28,Met,2025-12
WO001514,2025-12-28 05:10:26,2025-12-31 10:22:26,C012,Certificate Issuance,Operations Central,E004,Standard,3,1.18,99.4,No,48,23.61,77.20,Not Met,2025-12
WO001233,2025-12-30 10:35:08,2025-12-31 11:19:32,C002,Certificate Issuance,Operations South,E016,Standard,6,1.56,95.0,No,48,15.62,24.74,Met,2025-12
WO000293,2025-12-29 03:45:45,2025-12-31 20:37:57,C005,Policy Checking,Operations Central,E016,Standard,2,1.23,91.7,No,72,36.91,64.87,Met,2025-12
WO001002,2025-12-30 21:58:01,2026-01-01 06:11:13,C008,Document Retrieval,Operations North,E032,Standard,2,0.40,93.3,No,24,11.87,32.22,Not Met,2026-01
WO000194,2025-12-28 18:43:43,2026-01-02 02:19:43,C012,Policy Administration,Operations Central,E028,Standard,5,1.98,92.5,No,72,23.71,103.60,Not Met,2026-01
WO001130,2026-01-01 23:44:12,2026-01-02 03:38:48,C009,Document Retrieval,Operations South,E036,Rush,2,0.49,97.4,No,12,14.80,3.91,Met,2026-01
WO001566,2026-01-01 00:19:02,2026-01-02 03:51:26,C015,Direct Bill Posting,Operations Central,E025,Standard,8,1.28,94.2,No,48,9.59,27.54,Met,2026-01
WO000444,2026-01-01 08:21:25,2026-01-02 05:46:37,C015,Certificate Issuance,Operations North,E011,Standard,4,1.06,91.3,No,48,15.85,21.42,Met,2026-01
WO000496,2025-12-31 17:37:27,2026-01-02 10:14:39,C004,Policy Administration,Operations North,E008,Standard,5,1.54,98.2,No,72,18.54,40.62,Met,2026-01
WO000918,2026-01-01 04:56:41,2026-01-02 17:50:41,C008,Policy Checking,Operations South,E006,Standard,2,0.92,90.3,Yes,72,27.52,36.90,Met,2026-01
WO001338,2026-01-01 09:11:08,2026-01-02 23:36:20,C004,Document Retrieval,Operations South,E032,Standard,6,1.07,97.0,No,24,10.72,38.42,Not Met,2026-01
WO000076,2026-01-01 23:08:51,2026-01-03 01:05:15,C003,Certificate Issuance,Operations South,E032,Standard,3,1.08,99.2,No,48,21.61,25.94,Met,2026-01
WO001444,2025-12-30 06:01:32,2026-01-03 10:38:08,C010,Policy Administration,Operations Central,E034,Standard,4,1.46,93.9,No,72,21.84,100.61,Not Met,2026-01
WO000608,2026-01-01 00:50:02,2026-01-03 14:14:02,C007,Direct Bill Posting,Operations Central,E020,Standard,12,2.08,97.3,No,48,10.38,61.40,Not Met,2026-01
WO001022,2026-01-01 20:34:11,2026-01-03 15:07:11,C007,Certificate Issuance,Operations Central,E036,Standard,5,1.30,93.4,No,48,15.56,42.55,Met,2026-01
WO001392,2026-01-03 10:18:42,2026-01-03 17:38:30,C008,Document Retrieval,Operations South,E015,Standard,6,1.55,95.7,No,24,15.48,7.33,Met,2026-01
WO001008,2026-01-02 20:22:37,2026-01-04 02:47:49,C004,Policy Administration,Operations Central,E031,Standard,4,1.81,91.9,Yes,72,27.15,30.42,Met,2026-01
WO000617,2025-12-29 17:18:39,2026-01-04 06:42:39,C005,Policy Administration,Operations Central,E002,Standard,5,1.89,92.4,No,72,22.69,133.40,Not Met,2026-01
WO001249,2026-01-01 10:15:03,2026-01-04 17:54:03,C002,Policy Administration,Operations Central,E023,Standard,1,0.36,98.6,No,72,21.53,79.65,Not Met,2026-01
WO001601,2026-01-03 06:00:37,2026-01-04 21:19:49,C014,Certificate Issuance,Operations Central,E008,Standard,6,1.48,99.4,No,48,14.79,39.32,Met,2026-01
WO000223,2026-01-03 06:37:31,2026-01-05 05:02:07,C010,Policy Checking,Operations North,E005,Standard,1,0.72,90.4,Yes,72,43.29,46.41,Met,2026-01
WO001347,2026-01-03 15:56:54,2026-01-05 05:52:06,C004,Policy Checking,Operations South,E015,Standard,3,1.34,94.1,No,72,26.77,37.92,Met,2026-01
WO000272,2026-01-05 02:14:32,2026-01-05 07:22:56,C012,Document Retrieval,Operations Central,E013,Rush,4,0.74,92.6,No,12,11.11,5.14,Met,2026-01
WO001252,2026-01-03 20:16:28,2026-01-05 09:06:52,C003,Certificate Issuance,Operations Central,E034,Standard,2,0.66,97.4,No,48,19.92,36.84,Met,2026-01
WO000429,2026-01-04 15:38:08,2026-01-05 11:44:08,C015,Document Retrieval,Operations South,E003,Standard,9,2.22,92.6,No,24,14.79,20.10,Met,2026-01
WO001560,2026-01-04 06:40:34,2026-01-05 11:44:46,C007,Certificate Issuance,Operations South,E036,Rush,4,1.36,93.7,No,24,20.33,29.07,Not Met,2026-01
WO001224,2026-01-04 15:05:39,2026-01-06 01:09:51,C010,Direct Bill Posting,Operations North,E003,Standard,10,1.38,96.0,No,48,8.26,34.07,Met,2026-01
WO001623,2026-01-06 11:52:16,2026-01-06 21:50:28,C005,Direct Bill Posting,Operations Central,E036,Rush,18,2.64,96.8,No,24,8.81,9.97,Met,2026-01
WO000609,2026-01-05 06:20:11,2026-01-06 22:29:11,C008,Direct Bill Posting,Operations North,E002,Standard,10,1.75,90.3,Yes,48,10.51,40.15,Met,2026-01
WO000296,2026-01-05 06:19:55,2026-01-07 00:10:19,C002,Certificate Issuance,Operations North,E035,Rush,1,0.25,93.2,No,24,14.78,41.84,Not Met,2026-01
WO001375,2026-01-06 19:38:55,2026-01-08 01:04:07,C012,Certificate Issuance,Operations North,E032,Standard,4,1.22,98.3,No,48,18.32,29.42,Met,2026-01
WO000895,2026-01-05 08:42:20,2026-01-08 02:35:08,C015,Policy Administration,Operations Central,E014,Standard,1,0.43,91.3,No,72,25.99,65.88,Met,2026-01
WO000548,2026-01-07 10:02:38,2026-01-08 04:57:14,C010,Document Retrieval,Operations South,E014,Standard,10,2.46,99.2,No,24,14.74,18.91,Met,2026-01
WO001421,2026-01-07 16:27:47,2026-01-08 10:52:23,C012,Direct Bill Posting,Operations Central,E031,Standard,11,1.64,93.7,No,48,8.94,18.41,Met,2026-01
WO001588,2026-01-03 07:02:11,2026-01-08 20:41:47,C010,Policy Administration,Operations South,E014,Standard,1,0.45,93.8,No,72,27.16,133.66,Not Met,2026-01
WO000899,2026-01-08 08:32:37,2026-01-09 00:03:49,C004,Certificate Issuance,Operations South,E029,Standard,6,1.48,97.3,No,48,14.77,15.52,Met,2026-01
WO001182,2026-01-07 21:35:19,2026-01-10 10:44:19,C002,Policy Administration,Operations South,E017,Standard,2,0.75,95.4,No,72,22.48,61.15,Met,2026-01
WO000864,2026-01-08 08:30:44,2026-01-10 10:59:32,C015,Policy Checking,Operations North,E001,Standard,2,1.41,91.4,No,72,42.21,50.48,Met,2026-01
WO000347,2026-01-10 03:39:01,2026-01-10 16:50:25,C005,Document Retrieval,Operations North,E014,Standard,6,0.88,95.5,No,24,8.76,13.19,Met,2026-01
WO001153,2026-01-09 19:01:22,2026-01-11 04:32:34,C005,Document Retrieval,Operations Central,E002,Standard,1,0.16,96.0,No,24,9.78,33.52,Not Met,2026-01
WO000992,2026-01-09 18:09:43,2026-01-11 09:47:31,C009,Direct Bill Posting,Operations South,E023,Standard,15,2.48,98.3,No,48,9.90,39.63,Met,2026-01
WO000809,2026-01-10 11:05:14,2026-01-11 11:44:14,C006,Policy Checking,Operations South,E026,Standard,1,0.53,93.4,No,72,31.75,24.65,Met,2026-01
WO000185,2026-01-09 10:30:43,2026-01-11 14:18:43,C012,Policy Administration,Operations South,E002,Standard,4,1.23,95.5,No,72,18.51,51.80,Met,2026-01
WO001191,2026-01-10 10:13:07,2026-01-11 16:35:55,C013,Certificate Issuance,Operations North,E020,Standard,2,0.54,97.6,No,48,16.26,30.38,Met,2026-01
WO000952,2026-01-10 03:20:13,2026-01-11 19:16:01,C011,Direct Bill Posting,Operations Central,E036,Standard,17,1.92,90.5,Yes,48,6.76,39.93,Met,2026-01
WO000499,2026-01-10 20:52:14,2026-01-12 04:36:02,C008,Document Retrieval,Operations South,E009,Standard,1,0.23,91.0,No,24,13.98,31.73,Not Met,2026-01
WO001345,2026-01-11 10:16:33,2026-01-12 07:12:21,C004,Document Retrieval,Operations Central,E008,Standard,9,1.74,90.1,Yes,24,11.63,20.93,Met,2026-01
WO001798,2026-01-11 15:15:09,2026-01-12 11:22:21,C007,Document Retrieval,Operations Central,E025,Standard,8,1.20,90.8,Yes,24,8.98,20.12,Met,2026-01
WO001259,2026-01-09 12:04:12,2026-01-12 16:36:00,C001,Certificate Issuance,Operations Central,E008,Standard,5,1.38,96.1,No,48,16.57,76.53,Not Met,2026-01
WO000388,2026-01-10 17:35:15,2026-01-13 02:45:27,C005,Policy Administration,Operations South,E032,Standard,4,1.91,90.9,Yes,72,28.66,57.17,Met,2026-01
WO001092,2026-01-12 16:37:20,2026-01-13 03:18:08,C010,Certificate Issuance,Operations South,E007,Rush,4,1.08,93.8,No,24,16.21,10.68,Met,2026-01
WO000318,2026-01-09 04:37:41,2026-01-13 07:52:05,C014,Policy Checking,Operations North,E022,Standard,3,1.70,91.5,Yes,72,33.98,99.24,Not Met,2026-01
WO001515,2026-01-10 13:46:14,2026-01-13 08:27:38,C008,Direct Bill Posting,Operations Central,E027,Standard,7,1.21,95.7,No,48,10.39,66.69,Not Met,2026-01
WO000933,2026-01-12 02:42:49,2026-01-13 12:24:13,C009,Policy Checking,Operations North,E027,Standard,3,1.53,96.0,No,72,30.61,33.69,Met,2026-01
WO000903,2026-01-09 12:24:44,2026-01-13 22:51:44,C003,Policy Administration,Operations Central,E034,Standard,2,0.58,95.2,No,72,17.54,106.45,Not Met,2026-01
WO000327,2026-01-11 02:24:56,2026-01-14 06:12:20,C007,Policy Administration,Operations Central,E022,Standard,5,2.27,90.5,Yes,72,27.21,75.79,Not Met,2026-01
WO000449,2026-01-13 19:06:39,2026-01-14 10:36:03,C007,Policy Administration,Operations Central,E006,Rush,1,0.34,92.7,No,36,20.63,15.49,Met,2026-01
WO001594,2026-01-13 19:37:48,2026-01-14 21:37:48,C003,Policy Administration,Operations North,E036,Standard,1,0.37,90.7,Yes,72,22.09,26.00,Met,2026-01
WO001693,2026-01-14 06:57:50,2026-01-15 00:17:02,C003,Certificate Issuance,Operations South,E001,Rush,6,2.16,97.2,No,24,21.61,17.32,Met,2026-01
WO001633,2026-01-14 12:55:26,2026-01-15 04:08:38,C007,Certificate Issuance,Operations Central,E007,Rush,3,1.07,97.4,Yes,24,21.30,15.22,Met,2026-01
WO000582,2026-01-14 07:52:58,2026-01-15 06:04:22,C013,Document Retrieval,Operations South,E034,Standard,8,1.79,92.9,No,24,13.40,22.19,Met,2026-01
WO001077,2026-01-14 10:50:27,2026-01-15 07:49:15,C001,Document Retrieval,Operations South,E002,Standard,4,0.62,99.2,No,24,9.32,20.98,Met,2026-01
WO000915,2026-01-15 01:20:39,2026-01-15 10:17:03,C014,Document Retrieval,Operations North,E007,Rush,10,1.83,98.1,No,12,10.98,8.94,Met,2026-01
WO000550,2026-01-12 18:06:10,2026-01-15 13:16:58,C002,Policy Administration,Operations North,E011,Standard,5,2.45,95.8,No,72,29.36,67.18,Met,2026-01
WO000902,2026-01-13 22:46:25,2026-01-15 15:01:25,C003,Direct Bill Posting,Operations Central,E002,Standard,13,1.33,93.6,No,48,6.16,40.25,Met,2026-01
WO000542,2026-01-14 18:15:20,2026-01-15 19:42:56,C003,Direct Bill Posting,Operations North,E018,Standard,15,2.51,91.9,No,48,10.04,25.46,Met,2026-01
WO000424,2026-01-12 02:32:18,2026-01-15 21:52:42,C007,Policy Checking,Operations North,E011,Standard,1,0.46,92.6,No,72,27.76,91.34,Not Met,2026-01
WO000959,2026-01-14 12:50:51,2026-01-16 01:30:27,C011,Certificate Issuance,Operations Central,E019,Standard,2,0.55,94.8,No,48,16.62,36.66,Met,2026-01
WO000989,2026-01-15 19:46:25,2026-01-17 11:07:25,C014,Policy Checking,Operations South,E008,Standard,1,0.58,99.6,No,72,34.56,39.35,Met,2026-01
WO001585,2026-01-17 01:30:40,2026-01-17 20:16:16,C002,Document Retrieval,Operations Central,E006,Standard,6,1.18,98.1,No,24,11.82,18.76,Met,2026-01
WO000323,2026-01-15 22:36:14,2026-01-18 06:21:14,C008,Policy Checking,Operations South,E036,Standard,1,0.53,90.8,Yes,72,32.02,55.75,Met,2026-01
WO001046,2026-01-18 01:46:37,2026-01-18 15:37:37,C009,Document Retrieval,Operations North,E016,Standard,1,0.22,98.4,No,24,12.97,13.85,Met,2026-01
WO001786,2026-01-17 16:06:40,2026-01-18 15:55:52,C006,Policy Administration,Operations Central,E013,Standard,3,1.44,99.4,No,72,28.84,23.82,Met,2026-01
WO000656,2026-01-18 06:45:46,2026-01-18 21:44:34,C013,Direct Bill Posting,Operations North,E011,Standard,17,2.38,99.6,No,48,8.40,14.98,Met,2026-01
WO000647,2026-01-18 17:44:54,2026-01-19 01:50:18,C003,Document Retrieval,Operations Central,E027,Rush,1,0.23,94.4,No,12,13.97,8.09,Met,2026-01
WO000930,2026-01-17 11:18:29,2026-01-19 03:42:29,C014,Certificate Issuance,Operations South,E018,Standard,3,1.02,93.4,No,48,20.50,40.40,Met,2026-01
WO001167,2026-01-18 15:05:45,2026-01-19 11:50:45,C012,Certificate Issuance,Operations South,E021,Standard,5,1.53,98.3,No,48,18.41,20.75,Met,2026-01
WO000594,2026-01-17 09:03:54,2026-01-19 12:43:30,C008,Policy Administration,Operations South,E035,Standard,1,0.29,91.6,No,72,17.16,51.66,Met,2026-01
WO001732,2026-01-17 16:16:42,2026-01-19 20:51:30,C012,Policy Administration,Operations North,E004,Standard,2,0.78,91.6,No,72,23.31,52.58,Met,2026-01
WO001369,2026-01-19 07:45:52,2026-01-20 05:33:52,C005,Document Retrieval,Operations Central,E024,Rush,2,0.35,90.6,Yes,12,10.60,21.80,Not Met,2026-01
WO000923,2026-01-18 19:56:02,2026-01-20 17:08:02,C006,Policy Administration,Operations Central,E016,Standard,3,1.25,97.9,No,72,25.05,45.20,Met,2026-01
WO001422,2026-01-19 15:23:43,2026-01-20 19:40:31,C010,Policy Administration,Operations South,E003,Standard,3,1.30,96.3,No,72,26.00,28.28,Met,2026-01
WO001709,2026-01-20 21:55:10,2026-01-21 05:14:58,C013,Document Retrieval,Operations Central,E003,Standard,10,2.10,95.1,No,24,12.59,7.33,Met,2026-01
WO000346,2026-01-20 07:33:55,2026-01-22 00:21:19,C009,Policy Administration,Operations North,E008,Standard,1,0.27,97.0,No,72,16.15,40.79,Met,2026-01
WO000622,2026-01-18 10:32:09,2026-01-22 02:20:09,C014,Policy Checking,Operations North,E006,Standard,3,1.29,97.3,No,72,25.71,87.80,Not Met,2026-01
WO000372,2026-01-18 17:38:05,2026-01-22 14:17:41,C002,Policy Checking,Operations North,E011,Standard,1,0.65,100.0,No,72,38.84,92.66,Not Met,2026-01
WO000517,2026-01-22 11:46:35,2026-01-23 00:59:47,C003,Document Retrieval,Operations South,E032,Standard,5,1.28,97.7,No,24,15.42,13.22,Met,2026-01
WO000630,2026-01-20 00:25:20,2026-01-23 05:55:56,C004,Certificate Issuance,Operations North,E001,Standard,3,0.99,93.7,No,48,19.76,77.51,Not Met,2026-01
WO001596,2026-01-22 11:40:26,2026-01-24 06:51:50,C006,Certificate Issuance,Operations South,E005,Standard,1,0.31,95.9,No,48,18.58,43.19,Met,2026-01
WO001494,2026-01-23 04:29:06,2026-01-24 15:51:18,C014,Certificate Issuance,Operations South,E004,Standard,2,0.79,96.8,Yes,48,23.84,35.37,Met,2026-01
WO001707,2026-01-22 02:36:47,2026-01-24 20:29:35,C004,Policy Checking,Operations Central,E027,Standard,4,2.57,94.4,No,72,38.50,65.88,Met,2026-01
WO000103,2026-01-23 13:48:20,2026-01-25 01:32:08,C001,Policy Checking,Operations North,E026,Standard,1,0.68,98.8,No,72,40.65,35.73,Met,2026-01
WO001076,2026-01-21 12:43:50,2026-01-25 04:10:14,C011,Direct Bill Posting,Operations Central,E027,Standard,16,2.78,96.0,No,48,10.44,87.44,Not Met,2026-01
WO001286,2026-01-23 01:56:22,2026-01-25 14:33:34,C009,Direct Bill Posting,Operations South,E026,Standard,12,1.66,92.9,No,48,8.28,60.62,Not Met,2026-01
WO001447,2026-01-24 00:32:39,2026-01-25 15:06:15,C002,Certificate Issuance,Operations Central,E002,Standard,5,1.79,94.4,No,48,21.44,38.56,Met,2026-01
WO000504,2026-01-24 22:13:20,2026-01-25 17:00:44,C009,Direct Bill Posting,Operations Central,E016,Standard,9,0.97,92.4,No,48,6.49,18.79,Met,2026-01
WO000877,2026-01-25 09:36:48,2026-01-25 17:21:48,C012,Document Retrieval,Operations North,E010,Rush,3,0.78,94.2,No,12,15.57,7.75,Met,2026-01
WO001328,2026-01-24 15:59:20,2026-01-25 21:46:08,C008,Policy Administration,Operations North,E023,Rush,2,0.61,97.4,No,36,18.39,29.78,Met,2026-01
WO000478,2026-01-24 00:00:37,2026-01-26 06:40:49,C014,Policy Administration,Operations Central,E004,Standard,2,0.94,96.3,No,72,28.18,54.67,Met,2026-01
WO000281,2026-01-24 06:08:23,2026-01-26 09:44:23,C010,Policy Administration,Operations South,E014,Standard,5,1.67,90.2,Yes,72,20.02,51.60,Met,2026-01
WO000965,2026-01-26 12:42:06,2026-01-27 03:15:42,C001,Document Retrieval,Operations North,E031,Standard,10,1.80,97.7,No,24,10.83,14.56,Met,2026-01
WO001139,2026-01-26 11:21:38,2026-01-27 11:00:38,C009,Certificate Issuance,Operations North,E023,Standard,5,1.09,92.9,No,48,13.09,23.65,Met,2026-01
WO000715,2026-01-27 12:41:08,2026-01-27 22:41:44,C007,Document Retrieval,Operations Central,E016,Standard,3,0.48,98.8,No,24,9.56,10.01,Met,2026-01
WO000645,2026-01-26 04:23:06,2026-01-27 22:50:06,C001,Direct Bill Posting,Operations North,E015,Standard,16,2.03,94.8,No,48,7.62,42.45,Met,2026-01
WO000196,2026-01-27 01:29:07,2026-01-28 05:41:07,C014,Certificate Issuance,Operations Central,E008,Standard,5,1.24,96.9,No,48,14.84,28.20,Met,2026-01
WO000023,2026-01-27 14:12:30,2026-01-28 12:22:06,C014,Certificate Issuance,Operations North,E005,Standard,2,0.53,92.8,No,48,15.98,22.16,Met,2026-01
WO001755,2026-01-27 13:45:11,2026-01-28 18:14:35,C008,Direct Bill Posting,Operations South,E034,Standard,12,1.87,95.6,No,48,9.37,28.49,Met,2026-01
WO001534,2026-01-28 01:49:33,2026-01-29 02:03:57,C014,Certificate Issuance,Operations Central,E036,Standard,3,1.20,90.9,Yes,48,24.08,24.24,Met,2026-01
WO000874,2026-01-27 23:44:24,2026-01-29 03:03:36,C015,Certificate Issuance,Operations Central,E012,Standard,5,1.33,91.2,No,48,15.92,27.32,Met,2026-01
WO000352,2026-01-27 04:02:59,2026-01-29 11:22:11,C007,Policy Checking,Operations North,E030,Standard,3,1.49,94.8,No,72,29.71,55.32,Met,2026-01
WO001346,2026-01-28 10:50:38,2026-01-29 17:06:14,C012,Policy Checking,Operations South,E027,Standard,3,1.57,90.7,Yes,72,31.48,30.26,Met,2026-01
WO000363,2026-01-28 14:47:09,2026-01-30 00:51:21,C004,Direct Bill Posting,Operations Central,E010,Standard,15,2.21,96.1,No,48,8.85,34.07,Met,2026-01
WO001305,2026-01-28 09:32:02,2026-01-30 00:58:26,C011,Direct Bill Posting,Operations Central,E034,Standard,20,2.74,91.8,No,48,8.23,39.44,Met,2026-01
WO000360,2026-01-29 07:28:17,2026-01-30 03:35:29,C008,Policy Checking,Operations South,E009,Rush,3,1.61,93.9,No,36,32.21,20.12,Met,2026-01
WO001671,2026-01-29 05:39:50,2026-01-30 09:57:50,C009,Certificate Issuance,Operations Central,E004,Standard,5,1.79,95.8,No,48,21.44,28.30,Met,2026-01
WO000750,2026-01-29 22:18:22,2026-01-30 12:17:10,C013,Document Retrieval,Operations North,E015,Standard,2,0.47,99.0,No,24,14.02,13.98,Met,2026-01
WO000737,2026-01-29 08:57:31,2026-01-30 16:34:43,C007,Policy Administration,Operations South,E022,Rush,5,1.98,94.9,No,36,23.73,31.62,Met,2026-01
WO000755,2026-01-29 06:29:08,2026-01-31 05:50:44,C015,Policy Checking,Operations North,E034,Standard,2,1.55,92.6,No,72,46.37,47.36,Met,2026-01
WO000963,2026-01-29 22:53:01,2026-01-31 09:13:25,C005,Certificate Issuance,Operations Central,E010,Standard,1,0.25,95.0,No,48,15.27,34.34,Met,2026-01
WO001496,2026-01-29 14:44:32,2026-01-31 11:10:20,C013,Policy Administration,Operations North,E008,Standard,1,0.31,95.5,No,72,18.52,44.43,Met,2026-01
WO000904,2026-01-29 08:03:24,2026-01-31 22:53:48,C004,Policy Checking,Operations North,E018,Standard,1,0.77,97.9,No,72,46.42,62.84,Met,2026-01
WO001741,2026-01-29 22:48:00,2026-02-02 15:37:12,C001,Certificate Issuance,Operations North,E033,Standard,1,0.28,90.6,Yes,48,16.72,88.82,Not Met,2026-02
WO000539,2026-01-31 19:06:55,2026-02-02 16:53:43,C002,Policy Checking,Operations North,E014,Standard,4,1.69,95.1,No,72,25.42,45.78,Met,2026-02
WO000483,2026-02-02 07:15:50,2026-02-03 05:43:26,C009,Policy Checking,Operations South,E019,Standard,3,1.54,90.5,Yes,72,30.77,22.46,Met,2026-02
WO001606,2026-02-01 03:42:29,2026-02-03 07:55:41,C009,Policy Administration,Operations Central,E010,Standard,1,0.27,94.5,No,72,16.35,52.22,Met,2026-02
WO001070,2026-02-02 17:22:34,2026-02-03 09:51:58,C006,Direct Bill Posting,Operations Central,E001,Standard,13,1.50,95.9,No,48,6.90,16.49,Met,2026-02
WO001738,2026-02-02 15:45:06,2026-02-03 11:58:54,C010,Certificate Issuance,Operations South,E010,Rush,6,1.62,99.5,No,24,16.23,20.23,Met,2026-02
WO000203,2026-02-03 00:25:22,2026-02-03 14:37:58,C010,Document Retrieval,Operations South,E013,Standard,3,0.49,96.8,No,24,9.81,14.21,Met,2026-02
WO000872,2026-02-02 23:49:45,2026-02-03 18:29:57,C002,Policy Checking,Operations South,E026,Rush,3,1.33,91.5,No,36,26.60,18.67,Met,2026-02
WO001064,2026-02-02 13:31:27,2026-02-03 19:36:51,C015,Certificate Issuance,Operations Central,E009,Standard,1,0.39,90.8,Yes,48,23.53,30.09,Met,2026-02
WO000415,2026-02-02 20:41:41,2026-02-04 02:05:05,C010,Policy Checking,Operations South,E001,Rush,1,0.48,92.5,No,36,28.69,29.39,Met,2026-02
WO001187,2026-02-03 16:25:49,2026-02-04 11:36:37,C013,Document Retrieval,Operations North,E033,Standard,9,1.41,95.4,No,24,9.41,19.18,Met,2026-02
WO001435,2026-02-02 23:20:46,2026-02-04 14:32:46,C003,Direct Bill Posting,Operations North,E007,Standard,18,2.31,96.1,No,48,7.71,39.20,Met,2026-02
WO001438,2026-02-03 18:24:24,2026-02-04 18:22:00,C015,Direct Bill Posting,Operations South,E033,Standard,11,1.79,97.9,No,48,9.77,23.96,Met,2026-02
WO000985,2026-02-04 05:54:13,2026-02-05 04:34:25,C005,Policy Checking,Operations Central,E007,Standard,1,0.44,92.6,No,72,26.54,22.67,Met,2026-02
WO000409,2026-02-02 14:38:56,2026-02-05 08:44:20,C014,Policy Checking,Operations South,E021,Rush,2,1.34,99.5,No,36,40.18,66.09,Not Met,2026-02
WO000722,2026-02-05 16:50:16,2026-02-06 04:02:16,C002,Document Retrieval,Operations North,E033,Standard,3,0.55,95.5,No,24,10.90,11.20,Met,2026-02
WO001600,2026-02-05 04:49:18,2026-02-06 21:51:42,C003,Document Retrieval,Operations Central,E023,Standard,6,1.46,99.3,No,24,14.55,41.04,Not Met,2026-02
WO001186,2026-02-04 14:45:30,2026-02-07 07:52:42,C004,Policy Administration,Operations Central,E034,Standard,3,0.89,91.0,No,72,17.78,65.12,Met,2026-02
WO001060,2026-02-06 19:19:05,2026-02-07 16:31:41,C011,Document Retrieval,Operations North,E034,Standard,4,1.06,90.0,Yes,24,15.89,21.21,Met,2026-02
WO001177,2026-02-02 20:55:03,2026-02-07 18:20:51,C009,Policy Administration,Operations Central,E028,Standard,4,1.37,94.5,No,72,20.60,117.43,Not Met,2026-02
WO001174,2026-02-06 23:48:16,2026-02-08 14:43:28,C001,Certificate Issuance,Operations North,E011,Standard,2,0.53,100.0,No,48,16.04,38.92,Met,2026-02
WO001198,2026-02-06 05:28:05,2026-02-08 18:55:41,C009,Policy Checking,Operations Central,E036,Standard,2,1.17,96.6,No,72,35.00,61.46,Met,2026-02
WO001674,2026-02-07 22:02:55,2026-02-09 01:22:43,C009,Policy Checking,Operations Central,E019,Standard,1,0.46,91.4,No,72,27.65,27.33,Met,2026-02
WO000291,2026-02-07 03:11:50,2026-02-09 02:31:02,C015,Policy Checking,Operations Central,E013,Standard,3,1.75,93.9,No,72,34.97,47.32,Met,2026-02
WO001350,2026-02-06 12:56:51,2026-02-09 09:02:51,C002,Policy Checking,Operations Central,E002,Standard,1,0.46,96.1,No,72,27.63,68.10,Met,2026-02
WO001553,2026-02-07 18:34:59,2026-02-09 09:12:47,C003,Direct Bill Posting,Operations North,E011,Standard,12,1.29,92.6,Yes,48,6.47,38.63,Met,2026-02
WO000407,2026-02-05 13:21:34,2026-02-09 10:05:58,C013,Policy Administration,Operations South,E025,Standard,5,1.80,95.1,No,72,21.57,92.74,Not Met,2026-02
WO001530,2026-02-08 16:34:01,2026-02-09 14:07:01,C009,Direct Bill Posting,Operations South,E002,Rush,17,1.86,96.9,Yes,24,6.55,21.55,Met,2026-02
WO001081,2026-02-07 20:06:49,2026-02-09 22:47:01,C009,Certificate Issuance,Operations North,E018,Standard,3,1.13,94.8,No,48,22.63,50.67,Not Met,2026-02
WO001341,2026-02-08 21:47:36,2026-02-10 06:26:00,C007,Certificate Issuance,Operations South,E011,Standard,1,0.31,98.2,No,48,18.63,32.64,Met,2026-02
WO000927,2026-02-07 12:59:36,2026-02-10 07:09:48,C007,Policy Checking,Operations North,E003,Standard,3,2.22,92.9,No,72,44.47,66.17,Met,2026-02
WO001151,2026-02-09 08:42:13,2026-02-10 10:11:01,C011,Direct Bill Posting,Operations South,E030,Standard,19,2.07,99.7,No,48,6.54,25.48,Met,2026-02
WO000835,2026-02-06 00:50:46,2026-02-11 05:03:22,C007,Policy Checking,Operations Central,E034,Standard,4,2.06,90.1,Yes,72,30.92,124.21,Not Met,2026-02
WO000920,2026-02-09 23:57:59,2026-02-11 12:50:47,C010,Direct Bill Posting,Operations North,E024,Rush,20,2.77,93.7,No,24,8.31,36.88,Not Met,2026-02
WO000640,2026-02-11 06:34:49,2026-02-11 14:25:49,C004,Document Retrieval,Operations South,E018,Rush,4,0.98,92.8,No,12,14.66,7.85,Met,2026-02
WO001351,2026-02-10 11:51:53,2026-02-11 17:34:29,C015,Document Retrieval,Operations South,E016,Standard,1,0.23,91.5,No,24,13.95,29.71,Not Met,2026-02
WO000268,2026-02-10 16:29:07,2026-02-11 18:17:07,C005,Policy Administration,Operations South,E031,Standard,5,2.14,95.6,No,72,25.72,25.80,Met,2026-02
WO000191,2026-02-12 18:16:25,2026-02-12 22:09:49,C015,Document Retrieval,Operations North,E033,Rush,3,0.47,94.0,No,12,9.42,3.89,Met,2026-02
WO001754,2026-02-11 14:23:08,2026-02-13 07:35:08,C012,Certificate Issuance,Operations North,E036,Standard,4,0.91,92.4,No,48,13.72,41.20,Met,2026-02
WO001554,2026-02-09 20:03:47,2026-02-13 08:45:47,C003,Policy Checking,Operations South,E027,Standard,4,2.35,96.0,No,72,35.32,84.70,Not Met,2026-02
WO000710,2026-02-11 14:39:24,2026-02-13 10:28:00,C015,Policy Checking,Operations Central,E025,Standard,2,1.45,95.4,No,72,43.38,43.81,Met,2026-02
WO000623,2026-02-11 09:24:09,2026-02-13 11:57:45,C003,Policy Administration,Operations North,E030,Standard,1,0.48,92.6,No,72,28.79,50.56,Met,2026-02
WO001466,2026-02-11 07:02:36,2026-02-13 14:02:36,C010,Policy Checking,Operations South,E001,Standard,4,1.87,91.4,No,72,28.05,55.00,Met,2026-02
WO001329,2026-02-14 01:23:25,2026-02-15 19:45:01,C015,Policy Administration,Operations Central,E012,Standard,4,1.35,98.7,No,72,20.24,42.36,Met,2026-02
WO001356,2026-02-15 04:35:20,2026-02-15 20:51:32,C012,Certificate Issuance,Operations Central,E036,Standard,6,2.32,98.9,No,48,23.21,16.27,Met,2026-02
WO000913,2026-02-14 14:27:27,2026-02-16 04:58:39,C009,Policy Checking,Operations Central,E016,Standard,3,1.41,99.3,No,72,28.23,38.52,Met,2026-02
WO000631,2026-02-14 20:56:46,2026-02-16 16:44:10,C006,Direct Bill Posting,Operations North,E007,Standard,14,1.91,97.9,No,48,8.18,43.79,Met,2026-02
WO000812,2026-02-16 12:23:35,2026-02-16 17:57:47,C012,Document Retrieval,Operations Central,E001,Rush,1,0.23,96.4,No,12,13.68,5.57,Met,2026-02
WO000701,2026-02-11 21:27:32,2026-02-16 22:11:20,C001,Policy Administration,Operations North,E022,Standard,2,0.70,95.4,No,72,20.85,120.73,Not Met,2026-02
WO000962,2026-02-15 11:48:25,2026-02-16 22:55:01,C006,Direct Bill Posting,Operations South,E016,Standard,20,3.52,99.1,No,48,10.55,35.11,Met,2026-02
WO000231,2026-02-16 22:08:06,2026-02-17 04:36:18,C006,Document Retrieval,Operations North,E005,Rush,8,1.86,91.6,No,12,13.94,6.47,Met,2026-02
WO000290,2026-02-17 19:46:41,2026-02-18 04:28:05,C004,Document Retrieval,Operations North,E012,Rush,4,0.75,99.4,No,12,11.31,8.69,Met,2026-02
WO001427,2026-02-18 18:32:40,2026-02-19 00:35:40,C004,Document Retrieval,Operations North,E033,Rush,1,0.18,93.5,No,12,10.69,6.05,Met,2026-02
WO000979,2026-02-15 21:08:20,2026-02-19 02:50:56,C004,Policy Checking,Operations South,E026,Standard,4,2.21,96.9,No,72,33.16,77.71,Not Met,2026-02
WO000703,2026-02-18 08:02:54,2026-02-19 06:19:42,C009,Document Retrieval,Operations South,E005,Standard,6,1.54,90.0,Yes,24,15.37,22.28,Met,2026-02
WO001563,2026-02-19 01:42:36,2026-02-19 12:32:24,C004,Document Retrieval,Operations Central,E022,Standard,7,1.48,95.4,No,24,12.67,10.83,Met,2026-02
WO001641,2026-02-19 06:08:06,2026-02-20 04:58:30,C005,Policy Administration,Operations Central,E035,Standard,4,1.47,99.4,No,72,21.98,22.84,Met,2026-02
WO000856,2026-02-18 13:07:21,2026-02-20 07:11:33,C015,Direct Bill Posting,Operations North,E035,Standard,5,0.89,95.6,No,48,10.66,42.07,Met,2026-02
WO001241,2026-02-19 08:55:12,2026-02-20 10:50:24,C013,Direct Bill Posting,Operations South,E015,Standard,7,0.96,94.0,No,48,8.22,25.92,Met,2026-02
WO000284,2026-02-19 08:55:32,2026-02-20 16:11:44,C011,Direct Bill Posting,Operations South,E002,Standard,5,0.85,90.4,Yes,48,10.23,31.27,Met,2026-02
WO001451,2026-02-20 07:34:24,2026-02-21 01:18:12,C011,Certificate Issuance,Operations North,E006,Standard,4,0.90,96.8,No,48,13.46,17.73,Met,2026-02
WO001239,2026-02-20 05:46:16,2026-02-21 15:12:04,C010,Direct Bill Posting,Operations Central,E034,Rush,18,3.26,98.6,No,24,10.86,33.43,Not Met,2026-02
WO001325,2026-02-18 06:58:18,2026-02-21 22:22:18,C015,Certificate Issuance,Operations North,E018,Standard,1,0.26,92.5,No,48,15.34,87.40,Not Met,2026-02
WO001790,2026-02-20 23:46:32,2026-02-22 09:28:32,C014,Direct Bill Posting,Operations North,E022,Standard,15,2.35,99.2,No,48,9.38,33.70,Met,2026-02
WO000506,2026-02-20 01:08:58,2026-02-22 10:48:34,C004,Policy Checking,Operations North,E013,Standard,1,0.61,91.9,No,72,36.35,57.66,Met,2026-02
WO001038,2026-02-22 09:47:03,2026-02-22 17:33:51,C006,Document Retrieval,Operations South,E010,Rush,7,1.79,94.2,No,12,15.32,7.78,Met,2026-02
WO001510,2026-02-20 22:26:14,2026-02-22 20:31:38,C011,Policy Administration,Operations Central,E020,Standard,4,1.21,95.9,No,72,18.13,46.09,Met,2026-02
WO000879,2026-02-22 05:04:14,2026-02-23 05:32:26,C003,Certificate Issuance,Operations Central,E014,Standard,6,1.65,92.1,No,48,16.50,24.47,Met,2026-02
WO000834,2026-02-20 01:44:34,2026-02-23 07:15:46,C010,Certificate Issuance,Operations Central,E022,Standard,6,2.41,97.3,No,48,24.10,77.52,Not Met,2026-02
WO001455,2026-02-22 10:56:41,2026-02-23 07:20:05,C001,Certificate Issuance,Operations Central,E008,Rush,4,1.42,99.2,No,24,21.30,20.39,Met,2026-02
WO001495,2026-02-21 11:12:08,2026-02-24 05:18:44,C009,Policy Administration,Operations South,E009,Standard,3,0.83,97.5,No,72,16.65,66.11,Met,2026-02
WO001686,2026-02-23 21:05:18,2026-02-24 05:55:42,C010,Direct Bill Posting,Operations North,E018,Rush,7,1.19,94.3,No,24,10.22,8.84,Met,2026-02
WO000917,2026-02-24 02:51:33,2026-02-24 10:32:21,C004,Document Retrieval,Operations South,E002,Standard,10,1.57,96.8,No,24,9.44,7.68,Met,2026-02
WO001123,2026-02-24 04:04:05,2026-02-24 13:43:05,C010,Document Retrieval,Operations South,E009,Rush,2,0.44,99.7,No,12,13.14,9.65,Met,2026-02
WO000821,2026-02-24 04:44:35,2026-02-25 08:17:35,C010,Certificate Issuance,Operations North,E001,Standard,2,0.72,90.8,Yes,48,21.66,27.55,Met,2026-02
WO000001,2026-02-24 03:08:55,2026-02-25 12:17:55,C009,Policy Checking,Operations North,E027,Rush,3,2.26,91.1,No,36,45.29,33.15,Met,2026-02
WO000442,2026-02-24 05:49:24,2026-02-25 12:55:24,C010,Direct Bill Posting,Operations North,E015,Standard,19,3.22,95.7,No,48,10.16,31.10,Met,2026-02
WO000301,2026-02-24 01:41:52,2026-02-25 16:54:28,C002,Direct Bill Posting,Operations Central,E016,Standard,11,1.80,92.5,No,48,9.80,39.21,Met,2026-02
WO000482,2026-02-23 05:53:09,2026-02-25 23:45:57,C008,Policy Checking,Operations North,E006,Standard,1,0.63,97.1,No,72,38.06,65.88,Met,2026-02
WO000401,2026-02-24 17:25:33,2026-02-26 08:59:45,C005,Certificate Issuance,Operations South,E023,Standard,4,1.04,97.1,No,48,15.57,39.57,Met,2026-02
WO001274,2026-02-25 07:21:02,2026-02-26 10:34:50,C002,Policy Checking,Operations North,E036,Standard,4,2.41,97.4,No,72,36.11,27.23,Met,2026-02
WO001214,2026-02-26 17:22:31,2026-02-27 00:45:55,C011,Document Retrieval,Operations South,E025,Rush,9,1.69,98.3,No,12,11.24,7.39,Met,2026-02
WO000351,2026-02-26 09:17:24,2026-02-27 22:00:00,C013,Policy Administration,Operations North,E008,Standard,3,1.32,91.4,No,72,26.35,36.71,Met,2026-02
WO001526,2026-02-27 06:56:52,2026-02-27 23:43:04,C015,Direct Bill Posting,Operations North,E021,Rush,6,0.91,96.1,No,24,9.13,16.77,Met,2026-02
WO001665,2026-02-26 19:08:16,2026-02-28 15:15:28,C004,Direct Bill Posting,Operations Central,E036,Standard,15,1.72,92.9,No,48,6.88,44.12,Met,2026-02
WO000192,2026-02-27 12:08:02,2026-02-28 20:20:38,C001,Direct Bill Posting,Operations North,E024,Standard,9,1.38,97.6,Yes,48,9.18,32.21,Met,2026-02
WO000709,2026-02-28 09:13:35,2026-02-28 22:08:11,C010,Direct Bill Posting,Operations South,E025,Rush,20,3.59,91.5,No,24,10.77,12.91,Met,2026-02
WO000097,2026-02-28 07:09:47,2026-03-01 00:45:11,C003,Direct Bill Posting,Operations South,E006,Rush,16,2.05,90.2,Yes,24,7.70,17.59,Met,2026-03
WO001088,2026-02-25 10:13:57,2026-03-01 01:39:09,C002,Policy Administration,Operations North,E034,Standard,3,0.84,90.9,Yes,72,16.78,87.42,Not Met,2026-03
WO001289,2026-02-27 23:07:20,2026-03-01 18:47:32,C015,Policy Checking,Operations South,E007,Standard,1,0.51,97.1,No,72,30.52,43.67,Met,2026-03
WO000684,2026-02-28 08:02:32,2026-03-02 04:45:08,C007,Policy Administration,Operations Central,E018,Standard,2,0.54,98.9,No,72,16.22,44.71,Met,2026-03
WO001539,2026-02-26 22:47:18,2026-03-03 01:52:06,C014,Policy Administration,Operations South,E030,Standard,5,2.42,95.3,No,72,29.00,99.08,Not Met,2026-03
WO000313,2026-03-02 00:43:44,2026-03-03 21:57:32,C013,Direct Bill Posting,Operations North,E034,Standard,18,2.11,96.4,No,48,7.04,45.23,Met,2026-03
WO001757,2026-03-02 21:08:58,2026-03-04 03:34:46,C010,Policy Checking,Operations South,E025,Rush,3,2.05,97.2,No,36,41.02,30.43,Met,2026-03
WO000668,2026-03-02 14:25:10,2026-03-04 09:02:58,C008,Policy Checking,Operations North,E006,Standard,2,1.02,92.5,No,72,30.52,42.63,Met,2026-03
WO001678,2026-03-04 19:20:16,2026-03-05 23:25:04,C009,Policy Administration,Operations South,E019,Standard,5,2.35,96.1,No,72,28.26,28.08,Met,2026-03
WO000867,2026-03-02 11:28:23,2026-03-06 10:56:35,C008,Policy Checking,Operations North,E005,Standard,2,1.27,98.4,No,72,38.25,95.47,Not Met,2026-03
WO001176,2026-03-05 21:48:44,2026-03-06 15:07:56,C005,Direct Bill Posting,Operations Central,E017,Standard,6,0.90,91.2,No,48,9.03,17.32,Met,2026-03
WO001200,2026-03-05 04:39:08,2026-03-06 23:47:32,C002,Policy Administration,Operations South,E030,Standard,5,1.35,92.2,No,72,16.16,43.14,Met,2026-03
WO001595,2026-03-06 09:55:26,2026-03-07 08:53:02,C015,Policy Checking,Operations North,E006,Standard,2,1.32,90.6,Yes,72,39.53,22.96,Met,2026-03
WO000629,2026-03-05 22:18:10,2026-03-07 12:36:46,C010,Direct Bill Posting,Operations South,E016,Standard,7,0.86,91.7,No,48,7.40,38.31,Met,2026-03
WO000873,2026-03-06 15:17:08,2026-03-07 13:06:20,C005,Policy Checking,Operations North,E008,Standard,3,2.18,98.4,No,72,43.58,21.82,Met,2026-03
WO000514,2026-03-06 19:16:06,2026-03-07 15:32:18,C009,Direct Bill Posting,Operations South,E008,Rush,20,3.64,93.3,No,24,10.93,20.27,Met,2026-03
WO001661,2026-03-07 02:19:37,2026-03-07 22:53:13,C006,Direct Bill Posting,Operations South,E030,Rush,15,2.10,96.2,No,24,8.39,20.56,Met,2026-03
WO000085,2026-03-06 19:28:51,2026-03-08 00:26:27,C004,Certificate Issuance,Operations North,E003,Standard,5,1.22,92.1,No,48,14.60,28.96,Met,2026-03
WO001334,2026-03-06 00:37:40,2026-03-08 07:52:04,C007,Policy Administration,Operations South,E027,Standard,1,0.46,92.2,No,72,27.64,55.24,Met,2026-03
WO000211,2026-03-08 13:36:06,2026-03-08 19:07:54,C003,Document Retrieval,Operations North,E018,Rush,2,0.36,95.9,No,12,10.69,5.53,Met,2026-03
WO001380,2026-03-07 16:16:24,2026-03-09 00:51:48,C006,Policy Checking,Operations Central,E019,Standard,2,1.30,95.4,No,72,39.15,32.59,Met,2026-03
WO000340,2026-03-08 22:00:01,2026-03-09 02:39:37,C003,Document Retrieval,Operations South,E014,Rush,10,2.39,94.2,No,12,14.34,4.66,Met,2026-03
WO000247,2026-03-05 22:12:54,2026-03-09 12:12:18,C006,Policy Checking,Operations North,E021,Standard,2,1.19,90.1,Yes,72,35.82,85.99,Not Met,2026-03
WO001333,2026-03-08 09:52:47,2026-03-09 20:14:23,C009,Certificate Issuance,Operations South,E034,Standard,1,0.33,90.9,Yes,48,19.92,34.36,Met,2026-03
WO001677,2026-03-09 04:21:58,2026-03-10 02:55:34,C009,Document Retrieval,Operations South,E012,Standard,1,0.15,91.1,No,24,8.73,22.56,Met,2026-03
WO001690,2026-03-07 13:56:51,2026-03-10 08:34:39,C012,Policy Checking,Operations Central,E031,Standard,3,1.50,95.3,No,72,30.08,66.63,Met,2026-03
WO001197,2026-03-09 16:53:28,2026-03-10 16:05:28,C010,Policy Checking,Operations South,E003,Standard,1,0.58,92.3,No,72,34.70,23.20,Met,2026-03
WO001012,2026-03-09 11:00:24,2026-03-10 19:11:12,C002,Direct Bill Posting,Operations Central,E027,Standard,14,2.31,92.0,No,48,9.90,32.18,Met,2026-03
WO000453,2026-03-11 07:29:05,2026-03-12 06:32:41,C009,Policy Checking,Operations South,E021,Standard,4,2.73,98.3,No,72,40.98,23.06,Met,2026-03
WO000771,2026-03-07 08:12:47,2026-03-12 18:54:11,C011,Policy Administration,Operations North,E015,Standard,5,1.66,92.1,Yes,72,19.92,130.69,Not Met,2026-03
WO000329,2026-03-10 15:50:54,2026-03-12 21:40:42,C007,Policy Administration,Operations Central,E010,Standard,3,1.00,96.1,No,72,20.05,53.83,Met,2026-03
WO000398,2026-03-12 00:50:39,2026-03-12 23:05:03,C003,Direct Bill Posting,Operations South,E029,Standard,11,1.29,91.3,No,48,7.01,22.24,Met,2026-03
WO001172,2026-03-12 12:55:12,2026-03-13 00:07:12,C010,Document Retrieval,Operations North,E020,Standard,2,0.43,97.7,No,24,12.91,11.20,Met,2026-03
WO001090,2026-03-11 07:09:56,2026-03-13 00:46:32,C005,Direct Bill Posting,Operations South,E033,Standard,13,1.92,97.2,No,48,8.84,41.61,Met,2026-03
WO001193,2026-03-12 19:48:41,2026-03-13 19:34:17,C009,Direct Bill Posting,Operations South,E028,Standard,17,2.95,98.5,No,48,10.40,23.76,Met,2026-03
WO000130,2026-03-12 22:46:01,2026-03-13 21:56:13,C014,Policy Administration,Operations North,E035,Standard,4,1.86,93.1,No,72,27.93,23.17,Met,2026-03
WO000758,2026-03-12 03:28:28,2026-03-14 05:12:16,C015,Policy Administration,Operations Central,E003,Rush,5,2.39,95.6,Yes,36,28.70,49.73,Not Met,2026-03
WO001770,2026-03-13 19:42:25,2026-03-14 16:21:25,C002,Document Retrieval,Operations South,E006,Standard,9,2.08,98.5,No,24,13.89,20.65,Met,2026-03
WO000711,2026-03-13 19:03:54,2026-03-14 17:08:06,C007,Certificate Issuance,Operations Central,E023,Rush,4,1.25,95.3,Yes,24,18.78,22.07,Met,2026-03
WO001516,2026-03-13 14:51:58,2026-03-14 17:28:34,C003,Policy Administration,Operations Central,E003,Standard,4,1.68,97.4,Yes,72,25.19,26.61,Met,2026-03
WO001747,2026-03-12 05:40:29,2026-03-14 18:09:53,C006,Policy Checking,Operations South,E001,Rush,1,0.73,92.3,No,36,43.53,60.49,Not Met,2026-03
WO001273,2026-03-14 22:52:27,2026-03-15 22:56:39,C014,Policy Administration,Operations North,E031,Standard,1,0.30,92.7,No,72,17.81,24.07,Met,2026-03
WO000616,2026-03-15 03:02:48,2026-03-16 01:23:48,C008,Direct Bill Posting,Operations North,E002,Rush,7,1.00,91.5,No,24,8.60,22.35,Met,2026-03
WO000175,2026-03-14 05:19:30,2026-03-16 06:08:06,C013,Policy Checking,Operations South,E011,Standard,4,2.32,99.3,No,72,34.73,48.81,Met,2026-03
WO001284,2026-03-15 14:28:26,2026-03-16 06:59:38,C003,Direct Bill Posting,Operations South,E035,Standard,10,1.39,95.9,No,48,8.33,16.52,Met,2026-03
WO000264,2026-03-14 09:46:07,2026-03-16 11:27:31,C007,Direct Bill Posting,Operations North,E017,Standard,12,1.88,94.3,No,48,9.42,49.69,Not Met,2026-03
WO000455,2026-03-11 07:31:40,2026-03-16 11:44:52,C014,Policy Administration,Operations South,E033,Standard,4,1.72,93.0,No,72,25.78,124.22,Not Met,2026-03
WO000125,2026-03-14 19:16:48,2026-03-17 00:31:48,C013,Certificate Issuance,Operations South,E009,Standard,5,1.61,92.8,No,48,19.37,53.25,Not Met,2026-03
WO001072,2026-03-15 21:55:33,2026-03-17 02:54:57,C006,Certificate Issuance,Operations Central,E005,Standard,4,1.39,93.9,No,48,20.80,28.99,Met,2026-03
WO001575,2026-03-12 01:49:04,2026-03-17 06:13:40,C011,Policy Checking,Operations North,E003,Standard,4,2.94,97.2,No,72,44.11,124.41,Not Met,2026-03
WO001712,2026-03-14 12:00:15,2026-03-17 07:41:03,C012,Policy Checking,Operations Central,E024,Standard,2,1.29,97.7,No,72,38.81,67.68,Met,2026-03
WO000527,2026-03-16 15:46:56,2026-03-17 09:29:32,C003,Direct Bill Posting,Operations Central,E011,Standard,6,0.85,99.7,No,48,8.54,17.71,Met,2026-03
WO000237,2026-03-14 03:35:13,2026-03-17 10:14:13,C012,Policy Administration,Operations South,E027,Standard,4,1.82,91.7,No,72,27.32,78.65,Not Met,2026-03
WO001266,2026-03-14 07:08:28,2026-03-17 21:34:52,C002,Policy Checking,Operations North,E025,Standard,3,1.40,98.2,No,72,28.04,86.44,Not Met,2026-03
WO001066,2026-03-16 09:05:38,2026-03-17 21:44:38,C002,Policy Administration,Operations Central,E025,Standard,5,2.23,94.0,No,72,26.82,36.65,Met,2026-03
WO001103,2026-03-16 09:07:13,2026-03-18 00:08:25,C012,Certificate Issuance,Operations Central,E011,Standard,5,1.31,99.7,No,48,15.78,39.02,Met,2026-03
WO001368,2026-03-15 14:21:49,2026-03-18 03:58:25,C003,Direct Bill Posting,Operations Central,E036,Standard,5,0.78,99.2,Yes,48,9.32,61.61,Not Met,2026-03
WO000600,2026-03-13 21:21:58,2026-03-19 11:56:46,C002,Policy Checking,Operations Central,E033,Standard,4,2.47,95.1,No,72,37.08,134.58,Not Met,2026-03
WO001679,2026-03-19 04:22:44,2026-03-19 13:44:20,C012,Document Retrieval,Operations Central,E030,Standard,2,0.38,94.1,No,24,11.44,9.36,Met,2026-03
WO001639,2026-03-19 02:47:36,2026-03-19 14:00:12,C011,Document Retrieval,Operations North,E002,Standard,3,0.80,91.9,No,24,16.03,11.21,Met,2026-03
WO001216,2026-03-20 07:22:15,2026-03-20 20:22:51,C007,Direct Bill Posting,Operations South,E026,Rush,19,2.01,91.7,No,24,6.34,13.01,Met,2026-03
WO000732,2026-03-19 02:44:25,2026-03-21 00:12:37,C015,Policy Administration,Operations South,E001,Standard,1,0.48,93.8,No,72,28.79,45.47,Met,2026-03
WO000620,2026-03-20 12:45:10,2026-03-21 18:22:22,C015,Policy Administration,Operations South,E007,Rush,3,1.33,92.9,No,36,26.63,29.62,Met,2026-03
WO000387,2026-03-22 03:53:35,2026-03-22 11:09:11,C009,Document Retrieval,Operations South,E016,Rush,3,0.82,92.0,No,12,16.43,7.26,Met,2026-03
WO000898,2026-03-19 04:29:40,2026-03-22 22:50:04,C009,Policy Administration,Operations Central,E003,Standard,2,0.88,90.7,Yes,72,26.35,90.34,Not Met,2026-03
WO000888,2026-03-22 06:39:42,2026-03-23 06:15:06,C011,Direct Bill Posting,Operations North,E010,Standard,17,1.88,90.9,Yes,48,6.62,23.59,Met,2026-03
WO000235,2026-03-22 09:40:48,2026-03-23 18:07:12,C015,Certificate Issuance,Operations South,E026,Standard,3,0.99,90.6,Yes,48,19.88,32.44,Met,2026-03
WO000762,2026-03-22 21:23:27,2026-03-24 07:34:15,C009,Policy Checking,Operations South,E036,Standard,4,2.86,96.4,No,72,42.88,34.18,Met,2026-03
WO001117,2026-03-22 12:15:46,2026-03-24 09:08:34,C014,Certificate Issuance,Operations Central,E005,Standard,3,1.07,96.4,No,48,21.41,44.88,Met,2026-03
WO000660,2026-03-23 22:50:58,2026-03-24 15:10:46,C004,Direct Bill Posting,Operations Central,E036,Standard,17,2.79,90.3,Yes,48,9.86,16.33,Met,2026-03
WO000937,2026-03-24 06:15:58,2026-03-24 16:44:10,C010,Document Retrieval,Operations North,E005,Standard,2,0.33,98.2,No,24,9.95,10.47,Met,2026-03
WO001568,2026-03-22 22:44:01,2026-03-25 00:34:25,C006,Policy Administration,Operations Central,E020,Standard,4,1.57,96.8,No,72,23.59,49.84,Met,2026-03
WO000851,2026-03-21 01:47:01,2026-03-25 02:26:01,C014,Policy Administration,Operations Central,E009,Standard,5,1.68,97.6,No,72,20.20,96.65,Not Met,2026-03
WO000102,2026-03-24 17:52:41,2026-03-25 11:40:41,C014,Certificate Issuance,Operations Central,E026,Standard,3,1.03,93.3,No,48,20.56,17.80,Met,2026-03
WO000818,2026-03-23 22:32:11,2026-03-25 12:08:11,C004,Certificate Issuance,Operations Central,E030,Standard,6,1.97,91.7,No,48,19.68,37.60,Met,2026-03
WO000634,2026-03-24 12:36:55,2026-03-25 20:40:31,C013,Direct Bill Posting,Operations South,E036,Standard,12,1.37,93.0,No,48,6.86,32.06,Met,2026-03
WO000795,2026-03-24 22:52:29,2026-03-25 20:51:53,C013,Document Retrieval,Operations North,E008,Rush,7,1.06,97.3,No,12,9.08,21.99,Not Met,2026-03
WO001576,2026-03-23 02:33:27,2026-03-25 21:35:51,C015,Direct Bill Posting,Operations South,E021,Standard,11,1.16,94.0,No,48,6.34,67.04,Not Met,2026-03
WO000615,2026-03-25 22:11:15,2026-03-26 05:32:15,C014,Document Retrieval,Operations South,E035,Rush,6,1.30,98.0,Yes,12,13.04,7.35,Met,2026-03
WO000350,2026-03-25 22:27:54,2026-03-26 08:57:18,C015,Document Retrieval,Operations Central,E012,Standard,5,1.25,90.1,Yes,24,15.06,10.49,Met,2026-03
WO001397,2026-03-26 14:13:08,2026-03-27 07:25:44,C012,Document Retrieval,Operations South,E035,Standard,8,2.10,90.9,Yes,24,15.77,17.21,Met,2026-03
WO000676,2026-03-24 02:06:18,2026-03-27 08:45:54,C011,Policy Administration,Operations Central,E030,Standard,4,1.27,98.8,No,72,19.08,78.66,Not Met,2026-03
WO000276,2026-03-25 21:20:45,2026-03-27 10:32:09,C010,Certificate Issuance,Operations Central,E022,Standard,5,2.00,94.4,No,48,23.94,37.19,Met,2026-03
WO000145,2026-03-25 15:56:20,2026-03-27 11:46:08,C009,Policy Administration,Operations South,E002,Standard,4,1.83,100.0,No,72,27.41,43.83,Met,2026-03
WO000988,2026-03-26 05:56:21,2026-03-27 12:13:45,C010,Policy Administration,Operations South,E016,Standard,2,0.67,96.7,No,72,19.97,30.29,Met,2026-03
WO001357,2026-03-26 08:58:20,2026-03-27 16:15:08,C004,Direct Bill Posting,Operations Central,E002,Standard,10,1.31,96.4,No,48,7.87,31.28,Met,2026-03
WO001265,2026-03-25 21:05:01,2026-03-27 18:19:25,C011,Policy Administration,Operations North,E029,Standard,4,1.20,95.4,No,72,17.93,45.24,Met,2026-03
WO000108,2026-03-26 02:19:02,2026-03-27 18:52:38,C013,Policy Checking,Operations North,E015,Standard,4,2.00,98.6,No,72,29.97,40.56,Met,2026-03
WO001335,2026-03-26 18:17:33,2026-03-28 13:40:57,C005,Policy Checking,Operations Central,E008,Standard,1,0.49,95.3,No,72,29.58,43.39,Met,2026-03
WO001430,2026-03-27 19:18:36,2026-03-28 19:46:48,C008,Certificate Issuance,Operations Central,E030,Standard,2,0.52,92.6,No,48,15.63,24.47,Met,2026-03
WO000468,2026-03-27 07:29:04,2026-03-28 20:23:04,C001,Certificate Issuance,Operations North,E029,Standard,3,1.15,96.4,No,48,23.07,36.90,Met,2026-03
WO001280,2026-03-28 13:51:57,2026-03-29 05:24:57,C005,Policy Administration,Operations North,E009,Rush,3,1.26,96.6,No,36,25.16,15.55,Met,2026-03
WO001564,2026-03-28 20:55:19,2026-03-30 05:10:55,C006,Direct Bill Posting,Operations North,E006,Standard,15,2.24,94.5,Yes,48,8.95,32.26,Met,2026-03
WO001778,2026-03-29 05:03:07,2026-03-30 12:03:07,C007,Policy Checking,Operations South,E011,Rush,2,1.44,91.5,No,36,43.14,31.00,Met,2026-03
WO001443,2026-03-29 03:04:22,2026-03-30 16:10:22,C012,Policy Checking,Operations South,E023,Standard,2,0.95,90.9,Yes,72,28.63,37.10,Met,2026-03
WO001285,2026-03-27 23:06:39,2026-03-30 18:55:51,C012,Certificate Issuance,Operations South,E022,Standard,6,1.61,95.1,No,48,16.09,67.82,Not Met,2026-03
WO001590,2026-03-28 18:46:29,2026-03-30 23:57:17,C001,Policy Checking,Operations South,E003,Standard,2,1.08,95.6,No,72,32.43,53.18,Met,2026-03
WO001552,2026-03-29 09:12:10,2026-03-31 11:15:46,C007,Policy Checking,Operations South,E014,Standard,3,1.66,91.2,No,72,33.28,50.06,Met,2026-03
WO001215,2026-03-27 01:01:57,2026-03-31 17:39:45,C001,Policy Administration,Operations Central,E025,Standard,1,0.33,93.3,No,72,20.02,112.63,Not Met,2026-03
WO001782,2026-03-30 09:05:29,2026-03-31 22:29:29,C015,Document Retrieval,Operations South,E023,Standard,6,1.36,92.4,No,24,13.63,37.40,Not Met,2026-03
WO000502,2026-03-30 10:50:28,2026-03-31 23:41:28,C005,Document Retrieval,Operations South,E018,Standard,9,2.08,95.6,No,24,13.89,36.85,Not Met,2026-03
WO001304,2026-03-30 22:53:53,2026-04-01 03:20:17,C008,Certificate Issuance,Operations North,E032,Standard,1,0.39,94.6,No,48,23.39,28.44,Met,2026-04
WO000399,2026-03-31 16:46:09,2026-04-01 09:50:21,C014,Direct Bill Posting,Operations Central,E025,Standard,15,2.16,90.7,Yes,48,8.64,17.07,Met,2026-04
WO000279,2026-03-29 00:08:05,2026-04-01 12:18:53,C011,Direct Bill Posting,Operations Central,E021,Standard,14,2.00,91.3,No,48,8.58,84.18,Not Met,2026-04
WO000212,2026-03-31 00:52:27,2026-04-01 13:53:39,C006,Certificate Issuance,Operations South,E035,Standard,3,1.15,93.9,No,48,22.99,37.02,Met,2026-04
WO000141,2026-03-31 17:11:23,2026-04-01 14:11:23,C014,Document Retrieval,Operations South,E033,Standard,10,2.26,94.4,No,24,13.54,21.00,Met,2026-04
WO000143,2026-03-28 17:14:12,2026-04-02 04:29:48,C013,Policy Checking,Operations South,E013,Standard,3,1.53,95.0,No,72,30.69,107.26,Not Met,2026-04
WO000035,2026-03-31 02:36:39,2026-04-02 09:24:03,C013,Policy Administration,Operations North,E016,Rush,4,1.20,99.0,No,36,18.04,54.79,Not Met,2026-04
WO000162,2026-03-31 14:09:47,2026-04-02 17:28:59,C012,Policy Administration,Operations South,E034,Standard,1,0.43,97.0,No,72,26.09,51.32,Met,2026-04
WO000778,2026-04-02 09:20:37,2026-04-03 00:22:25,C002,Document Retrieval,Operations South,E014,Standard,1,0.24,92.9,No,24,14.61,15.03,Met,2026-04
WO000357,2026-04-02 15:36:48,2026-04-03 08:28:24,C007,Policy Administration,Operations Central,E017,Rush,5,1.72,90.4,Yes,36,20.65,16.86,Met,2026-04
WO001492,2026-04-02 06:43:58,2026-04-03 17:49:22,C006,Policy Checking,Operations South,E030,Standard,3,2.23,92.4,No,72,44.63,35.09,Met,2026-04
WO000826,2026-04-01 23:08:16,2026-04-04 07:05:52,C007,Policy Administration,Operations Central,E023,Standard,2,0.59,99.6,No,72,17.72,55.96,Met,2026-04
WO000971,2026-04-01 17:29:29,2026-04-04 12:07:53,C013,Policy Administration,Operations North,E004,Standard,1,0.28,97.7,No,72,16.53,66.64,Met,2026-04
WO000111,2026-04-01 20:26:52,2026-04-04 23:07:40,C011,Certificate Issuance,Operations South,E021,Standard,4,1.47,98.4,No,48,21.99,74.68,Not Met,2026-04
WO000562,2026-03-31 18:40:37,2026-04-05 01:47:49,C005,Policy Checking,Operations Central,E036,Standard,3,2.00,95.5,No,72,39.99,103.12,Not Met,2026-04
WO000443,2026-04-04 10:35:57,2026-04-05 13:37:45,C001,Policy Checking,Operations North,E019,Standard,1,0.51,92.3,No,72,30.83,27.03,Met,2026-04
WO001636,2026-04-05 10:23:55,2026-04-05 19:14:19,C010,Document Retrieval,Operations South,E031,Rush,5,0.77,96.2,No,12,9.24,8.84,Met,2026-04
WO001589,2026-04-04 10:50:41,2026-04-05 21:26:41,C010,Direct Bill Posting,Operations South,E022,Standard,17,2.18,95.6,No,48,7.69,34.60,Met,2026-04
WO000093,2026-04-05 09:04:58,2026-04-06 13:22:58,C006,Policy Administration,Operations Central,E019,Standard,1,0.34,94.6,No,72,20.52,28.30,Met,2026-04
WO000649,2026-04-04 23:58:33,2026-04-06 16:08:45,C002,Policy Administration,Operations North,E014,Standard,2,0.76,97.0,No,72,22.78,40.17,Met,2026-04
WO000791,2026-04-06 02:23:29,2026-04-06 19:30:41,C008,Policy Checking,Operations North,E006,Rush,4,2.49,97.9,No,36,37.30,17.12,Met,2026-04
WO001390,2026-04-06 01:19:05,2026-04-07 01:19:41,C012,Direct Bill Posting,Operations North,E025,Standard,18,2.87,98.4,No,48,9.55,24.01,Met,2026-04
WO000094,2026-04-06 01:08:22,2026-04-07 16:30:34,C014,Policy Administration,Operations South,E033,Standard,3,0.83,90.4,Yes,72,16.69,39.37,Met,2026-04
WO000520,2026-04-07 03:50:19,2026-04-07 21:57:31,C009,Direct Bill Posting,Operations North,E004,Standard,10,1.21,92.8,No,48,7.28,18.12,Met,2026-04
WO001612,2026-04-07 05:32:33,2026-04-07 22:58:57,C003,Direct Bill Posting,Operations South,E036,Rush,17,2.95,99.6,No,24,10.42,17.44,Met,2026-04
WO000912,2026-04-03 08:36:56,2026-04-08 00:18:20,C010,Policy Administration,Operations South,E023,Standard,5,2.45,94.1,No,72,29.43,111.69,Not Met,2026-04
WO001006,2026-04-04 11:21:03,2026-04-08 00:51:39,C011,Certificate Issuance,Operations North,E021,Standard,1,0.27,95.7,No,48,16.18,85.51,Not Met,2026-04
WO000919,2026-04-06 10:38:27,2026-04-08 04:41:27,C002,Direct Bill Posting,Operations South,E013,Standard,20,2.24,95.6,No,48,6.71,42.05,Met,2026-04
WO000433,2026-04-06 18:03:48,2026-04-08 12:52:24,C002,Certificate Issuance,Operations Central,E005,Standard,3,1.16,93.0,No,48,23.10,42.81,Met,2026-04
WO000698,2026-04-05 17:49:39,2026-04-08 13:17:15,C014,Direct Bill Posting,Operations South,E024,Standard,10,1.26,99.4,No,48,7.56,67.46,Not Met,2026-04
WO001464,2026-04-06 21:34:00,2026-04-08 18:46:36,C006,Policy Administration,Operations Central,E016,Standard,1,0.30,96.7,No,72,18.24,45.21,Met,2026-04
WO000462,2026-04-05 13:31:36,2026-04-09 03:49:36,C009,Certificate Issuance,Operations South,E031,Standard,6,2.05,96.0,No,48,20.51,86.30,Not Met,2026-04
WO000031,2026-04-09 06:48:45,2026-04-10 03:12:09,C012,Document Retrieval,Operations North,E029,Standard,1,0.17,99.6,No,24,10.12,20.39,Met,2026-04
WO000770,2026-04-09 13:16:47,2026-04-10 05:37:11,C003,Document Retrieval,Operations South,E009,Standard,9,1.61,98.8,No,24,10.76,16.34,Met,2026-04
WO000846,2026-04-04 20:40:02,2026-04-10 10:47:14,C005,Policy Checking,Operations North,E005,Standard,2,1.42,93.8,No,72,42.45,134.12,Not Met,2026-04
WO000975,2026-04-09 01:03:06,2026-04-10 17:57:42,C009,Policy Administration,Operations North,E001,Standard,5,1.50,90.3,Yes,72,17.97,40.91,Met,2026-04
WO001654,2026-04-09 11:48:30,2026-04-10 20:02:18,C010,Document Retrieval,Operations North,E006,Standard,10,1.95,94.0,No,24,11.72,32.23,Not Met,2026-04
WO001360,2026-04-10 14:45:31,2026-04-11 13:58:07,C013,Direct Bill Posting,Operations Central,E002,Standard,7,0.76,99.4,No,48,6.54,23.21,Met,2026-04
WO001704,2026-04-11 06:08:22,2026-04-11 23:31:46,C007,Document Retrieval,Operations North,E006,Standard,1,0.16,97.9,No,24,9.70,17.39,Met,2026-04
WO000393,2026-04-11 00:28:01,2026-04-12 03:09:25,C015,Direct Bill Posting,Operations South,E024,Standard,18,2.13,90.1,Yes,48,7.11,26.69,Met,2026-04
WO000508,2026-04-11 17:17:54,2026-04-12 20:45:30,C011,Certificate Issuance,Operations North,E023,Standard,6,1.43,91.0,No,48,14.34,27.46,Met,2026-04
WO000030,2026-04-11 00:08:23,2026-04-12 21:27:35,C008,Policy Checking,Operations North,E021,Standard,1,0.75,91.0,No,72,45.24,45.32,Met,2026-04
WO000572,2026-04-10 20:27:55,2026-04-13 09:26:43,C003,Policy Checking,Operations South,E019,Standard,1,0.53,97.8,No,72,31.95,60.98,Met,2026-04
WO000481,2026-04-11 16:32:47,2026-04-13 11:45:59,C011,Policy Administration,Operations Central,E013,Standard,3,0.93,97.6,No,72,18.66,43.22,Met,2026-04
WO000555,2026-04-12 08:31:23,2026-04-13 12:28:23,C001,Direct Bill Posting,Operations Central,E015,Standard,12,1.22,93.5,No,48,6.10,27.95,Met,2026-04
WO000999,2026-04-13 05:44:18,2026-04-13 21:36:30,C014,Certificate Issuance,Operations South,E034,Standard,5,1.22,92.4,No,48,14.60,15.87,Met,2026-04
WO000931,2026-04-11 12:13:00,2026-04-13 23:16:00,C003,Policy Administration,Operations Central,E001,Standard,2,0.90,93.4,No,72,27.15,59.05,Met,2026-04
WO000233,2026-04-13 04:12:25,2026-04-15 00:03:25,C006,Policy Checking,Operations North,E004,Standard,4,1.82,90.8,Yes,72,27.28,43.85,Met,2026-04
WO000025,2026-04-11 17:07:23,2026-04-15 10:12:47,C009,Certificate Issuance,Operations North,E030,Standard,5,1.69,97.4,No,48,20.31,89.09,Not Met,2026-04
WO000077,2026-04-13 08:05:22,2026-04-15 14:46:46,C013,Direct Bill Posting,Operations South,E012,Standard,10,1.34,98.9,No,48,8.07,54.69,Not Met,2026-04
WO000067,2026-04-14 21:36:41,2026-04-15 17:50:29,C013,Document Retrieval,Operations North,E005,Rush,3,0.65,90.9,Yes,12,13.07,20.23,Not Met,2026-04
WO001275,2026-04-13 19:45:51,2026-04-15 20:14:03,C011,Policy Checking,Operations South,E009,Standard,1,0.53,92.2,Yes,72,32.07,48.47,Met,2026-04
WO000157,2026-04-15 00:27:18,2026-04-15 22:32:06,C007,Certificate Issuance,Operations South,E033,Standard,2,0.59,93.4,No,48,17.62,22.08,Met,2026-04
WO000389,2026-04-14 13:35:02,2026-04-16 04:38:02,C011,Direct Bill Posting,Operations North,E032,Standard,16,2.74,99.1,No,48,10.26,39.05,Met,2026-04
WO001448,2026-04-17 23:28:09,2026-04-18 13:35:21,C006,Document Retrieval,Operations Central,E007,Standard,3,0.68,90.3,Yes,24,13.62,14.12,Met,2026-04
WO001223,2026-04-17 11:41:38,2026-04-18 17:57:50,C004,Direct Bill Posting,Operations Central,E021,Standard,9,1.35,90.7,Yes,48,9.02,30.27,Met,2026-04
WO000934,2026-04-13 22:33:13,2026-04-18 19:16:25,C005,Policy Checking,Operations North,E016,Standard,4,2.48,93.9,No,72,37.21,116.72,Not Met,2026-04
WO001298,2026-04-18 09:52:10,2026-04-19 14:56:58,C001,Policy Checking,Operations North,E028,Standard,1,0.45,97.8,No,72,26.85,29.08,Met,2026-04
WO001543,2026-04-19 23:03:49,2026-04-20 08:24:49,C008,Document Retrieval,Operations Central,E013,Standard,2,0.42,94.3,No,24,12.50,9.35,Met,2026-04
WO000275,2026-04-19 18:24:27,2026-04-20 16:06:27,C003,Policy Administration,Operations South,E018,Standard,2,0.67,94.0,No,72,20.04,21.70,Met,2026-04
WO000463,2026-04-19 19:28:39,2026-04-21 09:08:15,C002,Document Retrieval,Operations South,E012,Standard,1,0.15,92.4,No,24,9.23,37.66,Not Met,2026-04
WO000365,2026-04-20 20:57:21,2026-04-21 11:21:57,C006,Direct Bill Posting,Operations North,E026,Standard,17,1.83,96.5,No,48,6.46,14.41,Met,2026-04
WO001775,2026-04-16 07:21:38,2026-04-21 12:07:14,C007,Policy Checking,Operations North,E036,Standard,3,1.86,91.7,No,72,37.10,124.76,Not Met,2026-04
WO000009,2026-04-17 12:01:58,2026-04-21 14:51:46,C008,Policy Checking,Operations South,E013,Standard,4,1.79,98.6,No,72,26.79,98.83,Not Met,2026-04
WO000113,2026-04-20 02:04:39,2026-04-21 20:11:15,C005,Policy Checking,Operations North,E007,Standard,3,2.06,90.2,Yes,72,41.18,42.11,Met,2026-04
WO000822,2026-04-21 05:27:36,2026-04-22 06:03:00,C005,Policy Administration,Operations Central,E025,Standard,3,1.07,98.0,No,72,21.34,24.59,Met,2026-04
WO001317,2026-04-19 03:03:13,2026-04-22 07:55:25,C014,Certificate Issuance,Operations Central,E007,Standard,5,2.00,90.6,Yes,48,24.00,76.87,Not Met,2026-04
WO000882,2026-04-21 03:54:01,2026-04-22 10:36:37,C004,Direct Bill Posting,Operations North,E008,Standard,11,1.62,98.7,No,48,8.84,30.71,Met,2026-04
WO001142,2026-04-19 22:10:27,2026-04-22 14:29:03,C014,Policy Administration,Operations North,E017,Standard,4,1.75,92.4,No,72,26.31,64.31,Met,2026-04
WO000304,2026-04-21 03:45:49,2026-04-22 17:02:01,C011,Direct Bill Posting,Operations North,E034,Standard,17,2.78,96.1,No,48,9.81,37.27,Met,2026-04
WO001524,2026-04-19 03:43:49,2026-04-22 18:09:37,C010,Policy Checking,Operations Central,E009,Standard,3,1.72,93.9,No,72,34.34,86.43,Not Met,2026-04
WO001165,2026-04-21 23:29:21,2026-04-22 20:34:09,C015,Direct Bill Posting,Operations South,E003,Standard,5,0.71,95.8,No,48,8.53,21.08,Met,2026-04
WO000239,2026-04-22 21:50:57,2026-04-23 15:12:33,C007,Policy Checking,Operations Central,E014,Rush,1,0.74,93.3,No,36,44.33,17.36,Met,2026-04
WO000090,2026-04-22 14:26:28,2026-04-23 18:33:40,C015,Document Retrieval,Operations South,E019,Standard,3,0.79,96.3,No,24,15.83,28.12,Not Met,2026-04
WO000010,2026-04-20 22:39:24,2026-04-24 02:23:12,C006,Policy Administration,Operations South,E034,Standard,3,1.24,98.9,No,72,24.85,75.73,Not Met,2026-04
WO001202,2026-04-23 22:29:02,2026-04-24 06:16:26,C001,Document Retrieval,Operations Central,E033,Standard,9,2.00,98.6,No,24,13.35,7.79,Met,2026-04
WO001238,2026-04-22 13:07:31,2026-04-24 07:59:07,C015,Certificate Issuance,Operations Central,E003,Standard,2,0.44,97.9,No,48,13.28,42.86,Met,2026-04
WO001618,2026-04-23 20:31:18,2026-04-24 16:14:30,C008,Certificate Issuance,Operations Central,E033,Standard,2,0.45,96.7,No,48,13.57,19.72,Met,2026-04
WO001646,2026-04-23 18:22:00,2026-04-25 01:29:48,C003,Direct Bill Posting,Operations North,E003,Standard,16,1.71,93.1,No,48,6.41,31.13,Met,2026-04
WO000208,2026-04-22 11:32:46,2026-04-25 01:30:58,C012,Policy Checking,Operations South,E001,Standard,1,0.48,91.4,No,72,28.60,61.97,Met,2026-04
WO000479,2026-04-24 02:12:50,2026-04-25 03:44:02,C001,Policy Administration,Operations North,E030,Standard,2,0.80,98.1,No,72,24.08,25.52,Met,2026-04
WO001137,2026-04-24 00:12:16,2026-04-25 04:30:52,C005,Direct Bill Posting,Operations North,E027,Standard,8,1.27,91.0,No,48,9.52,28.31,Met,2026-04
WO001546,2026-04-24 04:44:37,2026-04-25 19:54:13,C014,Policy Checking,Operations Central,E021,Standard,1,0.47,95.9,No,72,28.28,39.16,Met,2026-04
WO000670,2026-04-25 11:15:03,2026-04-25 23:15:39,C006,Document Retrieval,Operations Central,E014,Standard,10,1.45,99.3,Yes,24,8.70,12.01,Met,2026-04
WO001722,2026-04-25 13:30:25,2026-04-26 03:35:13,C014,Policy Administration,Operations South,E012,Rush,1,0.44,95.6,No,36,26.38,14.08,Met,2026-04
WO000181,2026-04-25 00:42:15,2026-04-26 05:51:51,C004,Direct Bill Posting,Operations Central,E006,Standard,13,2.18,95.9,No,48,10.04,29.16,Met,2026-04
WO000503,2026-04-25 11:56:21,2026-04-26 09:52:09,C004,Document Retrieval,Operations North,E036,Standard,9,2.36,91.4,No,24,15.72,21.93,Met,2026-04
WO001570,2026-04-23 18:05:07,2026-04-26 16:06:55,C003,Certificate Issuance,Operations North,E026,Standard,4,1.27,96.8,No,48,19.01,70.03,Not Met,2026-04
WO000048,2026-04-24 01:11:46,2026-04-26 16:30:58,C013,Policy Administration,Operations Central,E004,Standard,1,0.38,91.7,No,72,22.82,63.32,Met,2026-04
WO000451,2026-04-25 07:21:18,2026-04-26 21:50:06,C014,Policy Checking,Operations South,E025,Standard,2,1.21,99.9,No,72,36.18,38.48,Met,2026-04
WO001370,2026-04-23 06:50:01,2026-04-27 00:48:13,C007,Policy Administration,Operations North,E010,Standard,5,1.42,95.6,No,72,17.03,89.97,Not Met,2026-04
WO001381,2026-04-26 00:36:29,2026-04-27 05:41:17,C002,Direct Bill Posting,Operations South,E019,Standard,12,1.58,93.7,No,48,7.89,29.08,Met,2026-04
WO000977,2026-04-25 22:29:21,2026-04-27 09:03:33,C003,Certificate Issuance,Operations South,E026,Standard,4,1.19,99.4,No,48,17.91,34.57,Met,2026-04
WO000598,2026-04-27 03:22:36,2026-04-27 16:16:00,C001,Document Retrieval,Operations Central,E036,Standard,1,0.24,99.7,No,24,14.22,12.89,Met,2026-04
WO001753,2026-04-26 12:05:06,2026-04-28 04:14:42,C003,Certificate Issuance,Operations North,E030,Standard,3,0.90,95.1,No,48,17.98,40.16,Met,2026-04
WO001319,2026-04-26 23:05:02,2026-04-28 14:02:38,C009,Policy Checking,Operations North,E032,Standard,1,0.65,94.2,No,72,39.03,38.96,Met,2026-04
WO000315,2026-04-28 10:18:00,2026-04-29 09:31:12,C009,Policy Checking,Operations South,E030,Standard,4,2.24,99.7,No,72,33.67,23.22,Met,2026-04
WO000686,2026-04-27 16:06:10,2026-04-29 23:28:58,C009,Policy Checking,Operations Central,E008,Rush,3,1.93,90.3,Yes,36,38.67,55.38,Not Met,2026-04
WO000966,2026-04-29 13:56:52,2026-04-30 03:28:40,C011,Document Retrieval,Operations South,E025,Standard,6,1.04,91.1,No,24,10.41,13.53,Met,2026-04
WO000413,2026-04-28 09:09:25,2026-04-30 12:57:25,C006,Policy Checking,Operations North,E001,Standard,4,2.39,96.5,No,72,35.84,51.80,Met,2026-04
WO000627,2026-04-29 14:48:45,2026-04-30 15:06:45,C003,Policy Checking,Operations Central,E021,Rush,1,0.59,99.3,No,36,35.12,24.30,Met,2026-04
WO001557,2026-04-28 22:43:10,2026-04-30 19:56:22,C014,Direct Bill Posting,Operations South,E001,Standard,11,1.14,90.9,Yes,48,6.23,45.22,Met,2026-04
WO000657,2026-04-29 16:35:21,2026-05-01 06:43:45,C013,Policy Checking,Operations South,E009,Standard,2,1.49,94.6,No,72,44.69,38.14,Met,2026-05
WO001699,2026-05-01 07:18:49,2026-05-01 20:06:13,C004,Document Retrieval,Operations North,E020,Standard,4,1.00,93.7,No,24,14.94,12.79,Met,2026-05
WO000513,2026-04-30 11:49:54,2026-05-03 00:17:30,C015,Policy Administration,Operations Central,E026,Standard,4,1.48,98.7,No,72,22.27,60.46,Met,2026-05
WO000493,2026-05-01 15:14:06,2026-05-03 20:18:18,C012,Policy Administration,Operations North,E009,Standard,2,0.58,92.7,No,72,17.29,53.07,Met,2026-05
WO001181,2026-05-02 18:43:00,2026-05-03 21:00:24,C011,Policy Administration,Operations North,E027,Standard,3,1.08,94.7,No,72,21.67,26.29,Met,2026-05
WO000078,2026-05-02 19:44:58,2026-05-03 22:11:58,C012,Policy Checking,Operations South,E008,Standard,3,1.31,94.7,No,72,26.24,26.45,Met,2026-05
WO000828,2026-05-01 11:26:09,2026-05-04 05:14:45,C013,Direct Bill Posting,Operations South,E002,Standard,18,2.69,95.7,No,48,8.96,65.81,Not Met,2026-05
WO000726,2026-05-03 16:53:24,2026-05-04 06:53:24,C011,Direct Bill Posting,Operations Central,E001,Rush,13,2.24,96.5,No,24,10.34,14.00,Met,2026-05
WO000858,2026-04-30 19:11:30,2026-05-04 10:25:18,C007,Policy Checking,Operations South,E029,Standard,1,0.64,97.9,No,72,38.66,87.23,Not Met,2026-05
WO000869,2026-05-02 16:33:36,2026-05-04 13:00:36,C013,Policy Checking,Operations South,E022,Standard,3,1.38,98.9,No,72,27.57,44.45,Met,2026-05
WO001498,2026-05-04 01:05:55,2026-05-04 15:33:31,C004,Direct Bill Posting,Operations South,E025,Standard,5,0.65,97.9,No,48,7.79,14.46,Met,2026-05
WO001295,2026-05-03 06:20:59,2026-05-04 16:18:35,C014,Certificate Issuance,Operations South,E034,Standard,1,0.37,92.2,No,48,22.13,33.96,Met,2026-05
WO000488,2026-05-04 04:55:10,2026-05-05 05:28:10,C015,Policy Checking,Operations North,E013,Standard,3,1.32,90.6,Yes,72,26.41,24.55,Met,2026-05
WO001324,2026-05-04 14:40:06,2026-05-05 19:49:06,C009,Policy Checking,Operations South,E002,Rush,2,1.39,94.4,No,36,41.73,29.15,Met,2026-05
WO000925,2026-05-04 16:44:30,2026-05-05 21:44:30,C003,Policy Checking,Operations South,E018,Standard,2,1.27,92.3,No,72,38.15,29.00,Met,2026-05
WO000865,2026-05-03 19:38:50,2026-05-06 00:45:26,C004,Policy Checking,Operations Central,E019,Standard,4,2.03,93.0,No,72,30.51,53.11,Met,2026-05
WO000775,2026-05-05 22:30:18,2026-05-06 09:15:18,C010,Document Retrieval,Operations North,E022,Standard,5,1.05,93.7,No,24,12.57,10.75,Met,2026-05
WO000100,2026-05-03 00:45:43,2026-05-06 09:28:55,C006,Certificate Issuance,Operations Central,E023,Standard,6,1.71,98.0,No,48,17.09,80.72,Not Met,2026-05
WO000673,2026-05-06 01:38:22,2026-05-06 17:32:22,C012,Policy Administration,Operations Central,E001,Rush,3,1.14,92.6,No,36,22.87,15.90,Met,2026-05
WO001781,2026-05-06 12:09:05,2026-05-06 20:12:41,C014,Document Retrieval,Operations Central,E012,Standard,5,0.79,92.5,No,24,9.49,8.06,Met,2026-05
WO001545,2026-05-05 22:36:08,2026-05-07 00:19:56,C013,Document Retrieval,Operations Central,E023,Standard,6,0.98,92.4,No,24,9.81,25.73,Not Met,2026-05
WO000391,2026-05-06 04:13:06,2026-05-07 09:37:42,C014,Policy Administration,Operations South,E024,Standard,1,0.40,91.1,No,72,24.02,29.41,Met,2026-05
WO000890,2026-05-06 00:07:30,2026-05-07 16:54:54,C011,Certificate Issuance,Operations Central,E029,Standard,2,0.52,93.0,No,48,15.52,40.79,Met,2026-05
WO000681,2026-05-05 14:42:14,2026-05-07 21:39:50,C002,Policy Administration,Operations North,E018,Standard,3,1.30,97.9,No,72,25.91,54.96,Met,2026-05
WO000325,2026-05-07 16:41:09,2026-05-07 23:56:45,C009,Document Retrieval,Operations North,E015,Rush,5,1.40,94.3,No,12,16.81,7.26,Met,2026-05
WO000525,2026-05-07 07:12:00,2026-05-08 06:42:36,C010,Policy Administration,Operations South,E012,Rush,1,0.34,92.1,Yes,36,20.56,23.51,Met,2026-05
WO001373,2026-05-07 17:51:50,2026-05-08 09:10:26,C010,Direct Bill Posting,Operations South,E019,Standard,9,0.91,97.6,No,48,6.05,15.31,Met,2026-05
WO001691,2026-05-03 02:16:44,2026-05-08 14:55:44,C008,Policy Checking,Operations South,E005,Standard,2,1.24,95.9,No,72,37.30,132.65,Not Met,2026-05
WO000249,2026-05-07 20:33:03,2026-05-08 17:17:27,C010,Policy Checking,Operations South,E023,Rush,2,1.02,90.8,Yes,36,30.67,20.74,Met,2026-05
WO000535,2026-05-07 12:26:37,2026-05-09 05:33:49,C010,Direct Bill Posting,Operations North,E008,Standard,12,1.68,95.3,No,48,8.40,41.12,Met,2026-05
WO000485,2026-05-08 01:26:24,2026-05-09 07:19:48,C014,Certificate Issuance,Operations Central,E001,Standard,3,0.99,92.8,No,48,19.79,29.89,Met,2026-05
WO000431,2026-05-08 11:48:31,2026-05-09 08:00:31,C003,Certificate Issuance,Operations South,E018,Standard,5,1.54,98.0,No,48,18.48,20.20,Met,2026-05
WO001115,2026-05-09 05:42:07,2026-05-10 02:18:43,C005,Document Retrieval,Operations Central,E027,Standard,1,0.26,92.7,No,24,15.72,20.61,Met,2026-05
WO001379,2026-05-09 22:11:10,2026-05-10 06:32:10,C004,Document Retrieval,Operations Central,E002,Rush,2,0.33,90.9,Yes,12,9.93,8.35,Met,2026-05
WO000122,2026-05-09 07:46:38,2026-05-10 15:23:14,C008,Certificate Issuance,Operations South,E017,Standard,4,1.23,92.6,No,48,18.48,31.61,Met,2026-05
WO001349,2026-05-08 22:03:45,2026-05-10 15:26:33,C003,Certificate Issuance,Operations North,E004,Standard,6,2.22,99.3,No,48,22.23,41.38,Met,2026-05
WO000752,2026-05-08 09:16:26,2026-05-10 15:39:14,C012,Policy Checking,Operations North,E013,Standard,3,1.94,96.9,No,72,38.70,54.38,Met,2026-05
WO000997,2026-05-10 09:45:32,2026-05-10 20:52:08,C013,Document Retrieval,Operations North,E032,Standard,8,1.77,95.2,No,24,13.27,11.11,Met,2026-05
WO000803,2026-05-07 16:26:50,2026-05-10 22:41:14,C014,Direct Bill Posting,Operations Central,E027,Standard,16,2.51,92.9,No,48,9.42,78.24,Not Met,2026-05
WO000106,2026-05-06 12:20:37,2026-05-11 01:54:49,C002,Policy Checking,Operations Central,E034,Standard,3,1.28,94.6,No,72,25.57,109.57,Not Met,2026-05
WO001110,2026-05-08 18:47:00,2026-05-11 02:21:48,C001,Policy Checking,Operations South,E019,Standard,1,0.71,96.5,No,72,42.64,55.58,Met,2026-05
WO000349,2026-05-11 09:16:13,2026-05-12 03:33:37,C006,Document Retrieval,Operations North,E016,Standard,9,1.61,97.4,No,24,10.76,18.29,Met,2026-05
WO001312,2026-05-11 20:51:25,2026-05-12 17:34:37,C005,Document Retrieval,Operations North,E015,Standard,1,0.19,92.5,No,24,11.39,20.72,Met,2026-05
WO000588,2026-05-11 07:10:00,2026-05-12 18:17:12,C006,Direct Bill Posting,Operations North,E011,Standard,18,3.12,96.2,No,48,10.40,35.12,Met,2026-05
WO000207,2026-05-11 23:00:00,2026-05-13 13:21:00,C014,Certificate Issuance,Operations North,E010,Standard,4,1.53,97.4,No,48,22.92,38.35,Met,2026-05
WO001652,2026-05-11 20:15:00,2026-05-13 16:03:00,C009,Document Retrieval,Operations North,E006,Standard,5,0.84,96.1,No,24,10.12,43.80,Not Met,2026-05
WO000860,2026-05-12 11:25:38,2026-05-14 01:13:38,C013,Certificate Issuance,Operations South,E013,Standard,4,1.35,93.6,No,48,20.28,37.80,Met,2026-05
WO001771,2026-05-13 06:02:40,2026-05-14 07:48:52,C009,Policy Checking,Operations Central,E003,Standard,4,1.89,96.8,No,72,28.37,25.77,Met,2026-05
WO000026,2026-05-13 09:11:46,2026-05-14 14:06:58,C010,Certificate Issuance,Operations North,E009,Standard,5,1.23,94.4,No,48,14.74,28.92,Met,2026-05
WO001247,2026-05-13 11:47:50,2026-05-15 03:07:38,C012,Direct Bill Posting,Operations South,E021,Standard,16,1.71,91.4,No,48,6.42,39.33,Met,2026-05
WO000648,2026-05-13 19:00:59,2026-05-15 05:47:47,C002,Document Retrieval,Operations North,E030,Standard,8,1.65,90.7,Yes,24,12.41,34.78,Not Met,2026-05
WO001511,2026-05-15 00:39:03,2026-05-16 01:48:03,C012,Certificate Issuance,Operations Central,E009,Standard,5,1.41,94.4,No,48,16.95,25.15,Met,2026-05
WO001053,2026-05-16 21:07:38,2026-05-17 03:38:50,C009,Document Retrieval,Operations Central,E009,Rush,5,1.19,95.2,No,12,14.29,6.52,Met,2026-05
WO001437,2026-05-13 11:17:11,2026-05-17 14:33:59,C013,Policy Checking,Operations South,E009,Standard,2,1.14,91.1,No,72,34.21,99.28,Not Met,2026-05
WO000450,2026-05-15 23:02:52,2026-05-17 22:10:40,C001,Policy Administration,Operations Central,E027,Standard,2,0.80,94.3,No,72,23.89,47.13,Met,2026-05
WO001730,2026-05-16 00:03:38,2026-05-17 23:18:02,C014,Policy Administration,Operations North,E023,Standard,1,0.39,90.8,Yes,72,23.11,47.24,Met,2026-05
WO001131,2026-05-17 04:59:01,2026-05-18 01:24:13,C003,Direct Bill Posting,Operations Central,E012,Rush,20,3.63,97.5,Yes,24,10.89,20.42,Met,2026-05
WO000028,2026-05-17 01:16:32,2026-05-18 04:12:56,C013,Policy Checking,Operations South,E031,Standard,4,2.37,93.3,No,72,35.48,26.94,Met,2026-05
WO001645,2026-05-15 18:33:38,2026-05-18 09:57:38,C002,Policy Checking,Operations North,E008,Standard,1,0.63,98.2,No,72,38.00,63.40,Met,2026-05
WO000435,2026-05-17 17:41:28,2026-05-18 16:41:28,C002,Certificate Issuance,Operations Central,E004,Standard,6,1.33,93.9,No,48,13.28,23.00,Met,2026-05
WO000788,2026-05-16 14:45:01,2026-05-18 22:47:25,C015,Policy Administration,Operations South,E009,Standard,4,1.16,92.4,No,72,17.34,56.04,Met,2026-05
WO001394,2026-05-17 23:29:44,2026-05-19 05:50:08,C011,Document Retrieval,Operations South,E001,Standard,5,1.29,90.9,Yes,24,15.50,30.34,Not Met,2026-05
WO001310,2026-05-18 11:08:30,2026-05-19 07:36:06,C002,Certificate Issuance,Operations North,E015,Standard,1,0.26,96.3,No,48,15.89,20.46,Met,2026-05
WO000566,2026-05-17 23:00:29,2026-05-19 07:44:53,C012,Policy Administration,Operations South,E030,Rush,3,1.10,94.9,No,36,22.00,32.74,Met,2026-05
WO000530,2026-05-17 19:29:03,2026-05-20 00:23:03,C004,Policy Checking,Operations North,E014,Standard,4,2.79,98.3,No,72,41.87,52.90,Met,2026-05
WO000607,2026-05-18 11:06:39,2026-05-20 00:51:03,C001,Direct Bill Posting,Operations South,E017,Standard,19,3.03,90.1,Yes,48,9.58,37.74,Met,2026-05
WO000984,2026-05-18 19:53:12,2026-05-20 07:58:00,C005,Policy Administration,Operations North,E005,Standard,1,0.41,97.7,No,72,24.73,36.08,Met,2026-05
WO000219,2026-05-17 15:20:28,2026-05-20 07:58:16,C001,Policy Administration,Operations Central,E006,Standard,5,1.66,93.3,No,72,19.86,64.63,Met,2026-05
WO001487,2026-05-18 23:08:17,2026-05-20 08:26:53,C011,Policy Checking,Operations Central,E031,Standard,2,1.15,99.0,No,72,34.42,33.31,Met,2026-05
WO001323,2026-05-20 15:48:40,2026-05-21 04:01:16,C015,Document Retrieval,Operations South,E015,Standard,10,1.59,92.3,No,24,9.53,12.21,Met,2026-05
WO000568,2026-05-19 19:00:31,2026-05-21 19:26:19,C013,Policy Checking,Operations Central,E021,Standard,1,0.52,92.1,Yes,72,31.33,48.43,Met,2026-05
WO000105,2026-05-21 21:25:45,2026-05-23 11:47:21,C012,Policy Administration,Operations Central,E020,Standard,1,0.38,90.1,Yes,72,22.51,38.36,Met,2026-05
WO001352,2026-05-22 06:04:43,2026-05-24 00:39:31,C014,Certificate Issuance,Operations Central,E008,Standard,1,0.27,95.2,No,48,16.45,42.58,Met,2026-05
WO001490,2026-05-21 17:12:36,2026-05-24 09:24:00,C007,Policy Checking,Operations Central,E033,Standard,1,0.67,92.6,No,72,40.14,64.19,Met,2026-05
WO000958,2026-05-23 20:39:03,2026-05-24 22:26:27,C014,Policy Administration,Operations Central,E025,Standard,4,1.10,98.8,No,72,16.45,25.79,Met,2026-05
WO000669,2026-05-24 08:40:36,2026-05-25 01:01:36,C004,Document Retrieval,Operations South,E022,Standard,4,0.67,95.1,No,24,10.05,16.35,Met,2026-05
WO000541,2026-05-24 14:28:44,2026-05-25 01:19:44,C014,Document Retrieval,Operations South,E019,Rush,2,0.38,96.8,No,12,11.28,10.85,Met,2026-05
WO000597,2026-05-24 11:05:10,2026-05-25 03:51:58,C009,Direct Bill Posting,Operations Central,E007,Rush,9,0.99,92.9,No,24,6.61,16.78,Met,2026-05
WO000254,2026-05-23 11:47:52,2026-05-25 09:27:28,C002,Policy Checking,Operations North,E025,Standard,3,1.41,92.5,No,72,28.18,45.66,Met,2026-05
WO000646,2026-05-23 07:43:50,2026-05-25 10:07:14,C005,Policy Administration,Operations Central,E001,Standard,1,0.27,97.2,No,72,16.31,50.39,Met,2026-05
WO001211,2026-05-25 05:34:20,2026-05-25 10:31:56,C002,Document Retrieval,Operations North,E023,Rush,8,1.69,96.7,No,12,12.68,4.96,Met,2026-05
WO001517,2026-05-23 19:12:48,2026-05-25 11:07:24,C015,Document Retrieval,Operations North,E022,Standard,7,1.34,91.4,No,24,11.52,39.91,Not Met,2026-05
WO001221,2026-05-25 06:17:47,2026-05-25 22:10:35,C002,Document Retrieval,Operations Central,E022,Standard,3,0.59,91.8,No,24,11.77,15.88,Met,2026-05
WO000610,2026-05-24 22:26:11,2026-05-26 01:48:59,C009,Certificate Issuance,Operations North,E010,Standard,4,1.33,91.8,No,48,19.96,27.38,Met,2026-05
WO001173,2026-05-25 00:42:25,2026-05-26 07:56:13,C003,Direct Bill Posting,Operations North,E012,Standard,14,1.49,95.2,No,48,6.39,31.23,Met,2026-05
WO000583,2026-05-24 10:21:25,2026-05-26 22:59:13,C010,Policy Checking,Operations Central,E028,Standard,1,0.71,94.4,No,72,42.83,60.63,Met,2026-05
WO001170,2026-05-25 19:02:39,2026-05-26 23:26:39,C013,Policy Checking,Operations North,E001,Standard,3,1.28,91.4,No,72,25.66,28.40,Met,2026-05
WO000545,2026-05-25 21:32:55,2026-05-27 05:13:43,C004,Policy Administration,Operations North,E015,Rush,2,1.01,96.1,No,36,30.32,31.68,Met,2026-05
WO001114,2026-05-24 15:55:04,2026-05-27 11:32:52,C013,Policy Administration,Operations South,E008,Standard,4,1.40,93.3,No,72,20.96,67.63,Met,2026-05
WO001227,2026-05-26 23:44:53,2026-05-27 15:51:29,C004,Direct Bill Posting,Operations South,E033,Rush,6,0.70,90.6,Yes,24,6.99,16.11,Met,2026-05
WO001581,2026-05-26 05:34:39,2026-05-27 19:23:15,C007,Policy Checking,Operations Central,E012,Standard,3,2.18,90.4,Yes,72,43.63,37.81,Met,2026-05
WO000150,2026-05-27 02:54:47,2026-05-27 20:37:59,C014,Document Retrieval,Operations Central,E032,Standard,6,0.97,96.0,No,24,9.68,17.72,Met,2026-05
WO001507,2026-05-26 10:31:49,2026-05-27 20:53:25,C007,Certificate Issuance,Operations North,E016,Standard,5,1.86,90.2,Yes,48,22.35,34.36,Met,2026-05
WO000190,2026-05-26 18:25:45,2026-05-27 22:09:33,C008,Policy Checking,Operations South,E031,Standard,1,0.51,94.3,No,72,30.76,27.73,Met,2026-05
WO000876,2026-05-26 05:01:17,2026-05-28 01:13:17,C007,Direct Bill Posting,Operations South,E024,Standard,11,1.52,93.5,No,48,8.31,44.20,Met,2026-05
WO000470,2026-05-27 14:20:23,2026-05-28 03:16:11,C001,Document Retrieval,Operations South,E006,Standard,7,1.03,94.2,No,24,8.83,12.93,Met,2026-05
WO001774,2026-05-27 14:13:06,2026-05-28 07:33:30,C007,Direct Bill Posting,Operations South,E002,Standard,7,1.08,98.3,No,48,9.28,17.34,Met,2026-05
WO000540,2026-05-27 23:07:42,2026-05-28 09:56:18,C013,Certificate Issuance,Operations South,E011,Rush,1,0.30,93.2,No,24,17.98,10.81,Met,2026-05
WO000837,2026-05-27 08:31:51,2026-05-28 10:57:03,C008,Policy Administration,Operations South,E023,Rush,4,2.01,90.3,Yes,36,30.12,26.42,Met,2026-05
WO000827,2026-05-27 22:25:49,2026-05-28 13:43:13,C011,Document Retrieval,Operations North,E022,Standard,1,0.18,97.4,No,24,10.67,15.29,Met,2026-05
WO001267,2026-05-26 21:22:26,2026-05-28 14:23:38,C013,Policy Administration,Operations Central,E036,Standard,3,0.93,92.7,No,72,18.65,41.02,Met,2026-05
WO000510,2026-05-25 21:44:10,2026-05-28 14:56:46,C004,Policy Administration,Operations South,E029,Standard,5,2.12,98.0,No,72,25.47,65.21,Met,2026-05
WO000794,2026-05-27 19:12:34,2026-05-28 16:25:46,C001,Direct Bill Posting,Operations South,E033,Standard,5,0.74,95.8,No,48,8.85,21.22,Met,2026-05
WO001701,2026-05-28 18:08:55,2026-05-29 01:52:43,C010,Direct Bill Posting,Operations Central,E018,Rush,5,0.88,98.5,Yes,24,10.62,7.73,Met,2026-05
WO000991,2026-05-28 05:25:38,2026-05-29 03:29:50,C012,Policy Administration,Operations Central,E015,Standard,4,1.55,91.3,No,72,23.22,22.07,Met,2026-05
WO000115,2026-05-27 21:07:58,2026-05-29 07:39:46,C007,Certificate Issuance,Operations South,E017,Standard,2,0.63,96.9,No,48,19.01,34.53,Met,2026-05
WO000193,2026-05-28 14:49:51,2026-05-30 05:55:51,C005,Direct Bill Posting,Operations Central,E001,Standard,11,1.80,98.0,No,48,9.82,39.10,Met,2026-05
WO001219,2026-05-27 13:36:07,2026-05-30 09:52:19,C015,Policy Administration,Operations Central,E022,Standard,5,2.43,94.8,No,72,29.13,68.27,Met,2026-05
WO001469,2026-05-30 01:36:42,2026-05-30 22:25:54,C009,Certificate Issuance,Operations South,E020,Standard,3,0.94,96.2,No,48,18.77,20.82,Met,2026-05
WO000131,2026-05-29 15:26:31,2026-05-31 00:24:43,C005,Direct Bill Posting,Operations Central,E036,Standard,16,2.58,92.1,No,48,9.68,32.97,Met,2026-05
WO000512,2026-05-28 15:30:56,2026-05-31 05:39:20,C008,Policy Administration,Operations Central,E026,Standard,1,0.36,96.0,No,72,21.55,62.14,Met,2026-05
WO000336,2026-05-26 16:44:04,2026-05-31 17:30:52,C014,Policy Administration,Operations Central,E022,Standard,5,2.32,91.2,No,72,27.84,120.78,Not Met,2026-05
WO000204,2026-05-30 20:50:49,2026-05-31 21:58:37,C010,Policy Administration,Operations North,E036,Standard,1,0.47,95.1,No,72,28.40,25.13,Met,2026-05
WO001573,2026-06-01 07:26:01,2026-06-02 00:18:49,C005,Direct Bill Posting,Operations North,E029,Rush,9,1.65,92.4,No,24,11.01,16.88,Met,2026-06
WO000163,2026-06-01 09:20:22,2026-06-02 07:25:10,C006,Document Retrieval,Operations South,E028,Standard,9,1.53,95.0,No,24,10.23,22.08,Met,2026-06
WO001533,2026-06-01 06:02:11,2026-06-02 11:45:59,C010,Policy Administration,Operations South,E016,Standard,1,0.29,91.5,No,72,17.10,29.73,Met,2026-06
WO000759,2026-05-31 21:38:27,2026-06-02 12:50:27,C004,Direct Bill Posting,Operations South,E030,Standard,18,1.74,94.4,No,48,5.81,39.20,Met,2026-06
WO000956,2026-06-01 05:05:50,2026-06-02 18:07:38,C015,Document Retrieval,Operations Central,E018,Standard,4,0.80,92.7,No,24,12.06,37.03,Not Met,2026-06
WO000446,2026-06-02 06:44:57,2026-06-02 22:52:09,C014,Policy Administration,Operations South,E006,Rush,5,2.31,91.3,No,36,27.71,16.12,Met,2026-06
WO001129,2026-06-01 10:52:18,2026-06-03 03:01:18,C008,Direct Bill Posting,Operations Central,E023,Standard,11,1.80,96.0,No,48,9.80,40.15,Met,2026-06
WO000411,2026-06-01 21:29:13,2026-06-03 15:11:49,C003,Policy Checking,Operations Central,E005,Standard,1,0.65,90.4,Yes,72,38.98,41.71,Met,2026-06
WO000552,2026-06-01 22:51:15,2026-06-03 18:24:15,C011,Certificate Issuance,Operations South,E027,Standard,6,1.92,94.7,No,48,19.16,43.55,Met,2026-06
WO001643,2026-06-01 01:48:48,2026-06-03 21:12:48,C007,Policy Checking,Operations South,E011,Standard,3,2.01,93.1,No,72,40.11,67.40,Met,2026-06
WO001085,2026-06-02 20:22:45,2026-06-04 00:27:33,C011,Certificate Issuance,Operations South,E034,Standard,2,0.48,90.9,Yes,48,14.50,28.08,Met,2026-06
WO001716,2026-06-01 11:27:22,2026-06-04 04:00:58,C006,Policy Administration,Operations North,E024,Standard,4,1.92,94.1,No,72,28.86,64.56,Met,2026-06
WO000744,2026-06-03 18:49:40,2026-06-05 03:20:52,C001,Certificate Issuance,Operations North,E032,Standard,1,0.35,93.1,No,48,21.01,32.52,Met,2026-06
WO001650,2026-06-04 01:16:25,2026-06-05 04:50:01,C013,Certificate Issuance,Operations North,E032,Standard,4,1.46,90.0,Yes,48,21.95,27.56,Met,2026-06
WO000602,2026-06-04 06:18:23,2026-06-05 08:09:59,C015,Direct Bill Posting,Operations South,E035,Standard,19,2.33,90.1,Yes,48,7.37,25.86,Met,2026-06
WO001531,2026-06-04 00:08:24,2026-06-05 16:32:24,C008,Certificate Issuance,Operations Central,E004,Standard,6,2.15,97.2,No,48,21.51,40.40,Met,2026-06
WO001242,2026-06-04 04:58:56,2026-06-05 20:48:08,C005,Certificate Issuance,Operations North,E012,Rush,4,1.25,97.2,No,24,18.79,39.82,Not Met,2026-06
WO000011,2026-06-04 15:58:29,2026-06-06 08:38:05,C002,Certificate Issuance,Operations Central,E004,Standard,6,2.21,97.4,No,48,22.15,40.66,Met,2026-06
WO001201,2026-06-05 10:19:38,2026-06-06 19:19:02,C014,Policy Administration,Operations North,E005,Rush,5,1.45,93.4,No,36,17.44,32.99,Met,2026-06
WO001094,2026-06-06 08:55:08,2026-06-07 03:09:32,C015,Document Retrieval,Operations North,E011,Standard,2,0.48,90.4,Yes,24,14.36,18.24,Met,2026-06
WO001171,2026-06-07 03:53:31,2026-06-08 05:16:19,C007,Certificate Issuance,Operations North,E007,Standard,5,1.39,90.4,Yes,48,16.73,25.38,Met,2026-06
WO001609,2026-06-07 05:15:21,2026-06-09 04:40:33,C002,Policy Administration,Operations South,E033,Rush,2,0.78,90.2,Yes,36,23.30,47.42,Not Met,2026-06
WO000134,2026-06-08 20:38:25,2026-06-09 14:24:01,C012,Direct Bill Posting,Operations Central,E019,Standard,16,2.17,96.9,No,48,8.13,17.76,Met,2026-06
WO000355,2026-06-07 09:43:03,2026-06-09 17:22:03,C008,Policy Administration,Operations South,E020,Standard,2,0.70,96.4,No,72,21.03,55.65,Met,2026-06
WO001501,2026-06-08 22:11:46,2026-06-10 00:27:22,C012,Direct Bill Posting,Operations South,E010,Standard,17,2.14,92.3,No,48,7.56,26.26,Met,2026-06
WO001631,2026-06-08 08:18:16,2026-06-10 02:56:04,C012,Policy Checking,Operations North,E011,Standard,2,1.07,90.0,Yes,72,31.96,42.63,Met,2026-06
WO001028,2026-06-09 20:46:55,2026-06-10 12:15:07,C012,Document Retrieval,Operations Central,E036,Standard,2,0.45,96.6,No,24,13.35,15.47,Met,2026-06
WO000454,2026-06-09 02:16:04,2026-06-11 00:07:40,C004,Policy Administration,Operations Central,E015,Standard,1,0.41,94.7,No,72,24.80,45.86,Met,2026-06
WO000124,2026-06-10 09:36:02,2026-06-11 09:15:38,C007,Certificate Issuance,Operations North,E022,Standard,6,1.93,95.8,No,48,19.25,23.66,Met,2026-06
WO000441,2026-06-11 08:45:03,2026-06-11 21:27:03,C001,Document Retrieval,Operations North,E007,Standard,8,1.19,98.0,No,24,8.92,12.70,Met,2026-06
WO001135,2026-06-11 08:56:37,2026-06-11 22:23:37,C003,Document Retrieval,Operations South,E007,Standard,5,1.25,96.4,No,24,15.06,13.45,Met,2026-06
WO000884,2026-06-11 11:01:22,2026-06-12 01:52:22,C013,Direct Bill Posting,Operations Central,E026,Standard,12,1.45,90.4,Yes,48,7.27,14.85,Met,2026-06
WO000232,2026-06-11 15:45:44,2026-06-12 12:40:56,C008,Direct Bill Posting,Operations Central,E015,Standard,7,0.92,92.1,No,48,7.88,20.92,Met,2026-06
WO001330,2026-06-10 20:47:11,2026-06-12 16:32:11,C002,Document Retrieval,Operations Central,E013,Standard,1,0.16,94.1,No,24,9.39,43.75,Not Met,2026-06
WO000891,2026-06-12 03:14:34,2026-06-13 12:28:22,C004,Direct Bill Posting,Operations Central,E022,Standard,20,2.75,94.6,No,48,8.24,33.23,Met,2026-06
WO001620,2026-06-14 01:59:30,2026-06-14 11:48:42,C015,Document Retrieval,Operations Central,E033,Standard,3,0.64,94.1,No,24,12.77,9.82,Met,2026-06
WO000518,2026-06-13 13:40:43,2026-06-15 01:33:31,C012,Direct Bill Posting,Operations South,E005,Standard,15,2.19,98.8,No,48,8.75,35.88,Met,2026-06
WO000420,2026-06-13 13:42:17,2026-06-15 04:08:41,C014,Policy Administration,Operations South,E030,Standard,4,1.10,94.7,No,72,16.56,38.44,Met,2026-06
WO000586,2026-06-12 20:50:07,2026-06-15 09:49:31,C015,Policy Administration,Operations North,E030,Standard,3,1.41,99.1,No,72,28.20,60.99,Met,2026-06
WO000585,2026-06-14 02:57:01,2026-06-15 14:08:25,C006,Certificate Issuance,Operations North,E034,Standard,5,1.58,96.6,No,48,18.93,35.19,Met,2026-06
WO000092,2026-06-15 04:17:19,2026-06-15 19:11:55,C006,Certificate Issuance,Operations North,E013,Standard,1,0.30,93.8,No,48,17.93,14.91,Met,2026-06
WO001205,2026-06-13 15:36:08,2026-06-15 22:42:08,C005,Policy Administration,Operations Central,E007,Standard,4,1.86,96.2,No,72,27.97,55.10,Met,2026-06
WO001386,2026-06-15 18:52:47,2026-06-16 10:29:59,C010,Certificate Issuance,Operations Central,E035,Standard,3,0.77,94.5,No,48,15.41,15.62,Met,2026-06
WO001617,2026-06-15 07:05:29,2026-06-16 11:01:53,C002,Direct Bill Posting,Operations North,E005,Standard,13,1.69,93.4,No,48,7.78,27.94,Met,2026-06
WO000692,2026-06-15 22:13:53,2026-06-16 14:44:29,C008,Certificate Issuance,Operations Central,E034,Rush,6,2.19,92.3,No,24,21.95,16.51,Met,2026-06
WO001367,2026-06-15 19:13:10,2026-06-17 00:20:58,C006,Policy Administration,Operations Central,E005,Standard,2,0.95,95.2,No,72,28.47,29.13,Met,2026-06
WO000824,2026-06-16 12:32:24,2026-06-17 07:34:12,C001,Document Retrieval,Operations Central,E031,Standard,10,2.33,94.0,No,24,13.98,19.03,Met,2026-06
WO000549,2026-06-16 01:03:52,2026-06-17 07:58:28,C008,Policy Checking,Operations South,E030,Rush,3,2.23,91.7,No,36,44.67,30.91,Met,2026-06
WO000333,2026-06-17 15:23:03,2026-06-18 00:26:03,C012,Document Retrieval,Operations South,E012,Rush,2,0.31,93.2,No,12,9.39,9.05,Met,2026-06
WO000027,2026-06-17 05:50:20,2026-06-18 03:20:20,C007,Document Retrieval,Operations South,E006,Standard,10,2.03,93.9,No,24,12.16,21.50,Met,2026-06
WO001616,2026-06-17 12:12:47,2026-06-18 11:38:35,C005,Certificate Issuance,Operations Central,E006,Standard,2,0.45,98.6,No,48,13.52,23.43,Met,2026-06
WO000154,2026-06-17 11:49:37,2026-06-18 15:56:49,C011,Policy Checking,Operations North,E006,Standard,3,2.18,92.0,No,72,43.57,28.12,Met,2026-06
WO000489,2026-06-17 09:19:01,2026-06-18 22:32:49,C007,Policy Checking,Operations North,E035,Standard,2,1.18,94.5,No,72,35.42,37.23,Met,2026-06
WO001791,2026-06-17 07:37:41,2026-06-18 23:05:17,C010,Policy Administration,Operations North,E026,Standard,1,0.39,94.1,No,72,23.13,39.46,Met,2026-06
WO001527,2026-06-16 09:42:54,2026-06-18 23:29:06,C015,Policy Administration,Operations North,E024,Standard,1,0.29,99.2,No,72,17.63,61.77,Met,2026-06
WO001653,2026-06-16 04:14:32,2026-06-19 06:27:44,C009,Certificate Issuance,Operations North,E011,Standard,3,0.65,98.5,No,48,12.98,74.22,Not Met,2026-06
WO001308,2026-06-18 13:37:59,2026-06-19 09:22:59,C002,Document Retrieval,Operations South,E024,Standard,5,1.18,91.5,No,24,14.10,19.75,Met,2026-06
WO000847,2026-06-17 20:03:10,2026-06-20 07:15:10,C001,Policy Checking,Operations South,E008,Standard,3,1.56,95.3,No,72,31.23,59.20,Met,2026-06
WO001656,2026-06-17 04:43:44,2026-06-20 11:47:56,C004,Policy Administration,Operations North,E002,Standard,3,1.38,92.1,No,72,27.64,79.07,Not Met,2026-06
WO001467,2026-06-19 17:24:10,2026-06-20 14:52:22,C005,Direct Bill Posting,Operations South,E014,Standard,19,2.06,95.1,No,48,6.51,21.47,Met,2026-06
WO000104,2026-06-18 03:34:35,2026-06-20 17:45:59,C011,Direct Bill Posting,Operations North,E016,Standard,14,2.47,95.6,No,48,10.58,62.19,Not Met,2026-06
WO000359,2026-06-17 05:58:25,2026-06-20 18:59:37,C006,Policy Checking,Operations North,E033,Standard,1,0.73,97.6,No,72,43.55,85.02,Not Met,2026-06
WO000033,2026-06-19 17:12:22,2026-06-21 08:16:34,C011,Document Retrieval,Operations South,E008,Standard,1,0.24,99.2,No,24,14.57,39.07,Not Met,2026-06
WO001799,2026-06-20 04:51:13,2026-06-21 09:13:25,C006,Certificate Issuance,Operations South,E035,Standard,4,0.99,90.5,Yes,48,14.82,28.37,Met,2026-06
WO000690,2026-06-21 14:44:55,2026-06-22 05:56:19,C008,Direct Bill Posting,Operations North,E036,Standard,17,2.70,94.4,No,48,9.52,15.19,Met,2026-06
WO001073,2026-06-21 08:13:39,2026-06-22 07:46:03,C004,Policy Administration,Operations North,E035,Standard,4,1.84,97.6,No,72,27.54,23.54,Met,2026-06
WO001243,2026-06-21 22:42:26,2026-06-22 18:50:14,C007,Certificate Issuance,Operations Central,E004,Standard,3,0.74,92.2,No,48,14.88,20.13,Met,2026-06
WO001506,2026-06-22 04:10:46,2026-06-22 20:52:46,C011,Direct Bill Posting,Operations North,E030,Standard,9,1.39,96.5,Yes,48,9.29,16.70,Met,2026-06
WO000557,2026-06-22 15:51:03,2026-06-23 03:20:27,C013,Document Retrieval,Operations North,E029,Standard,5,1.01,91.9,No,24,12.16,11.49,Met,2026-06
WO000765,2026-06-22 06:16:33,2026-06-23 10:12:21,C008,Certificate Issuance,Operations Central,E017,Standard,3,1.10,99.1,No,48,22.04,27.93,Met,2026-06
WO000022,2026-06-22 11:52:39,2026-06-23 10:15:27,C014,Document Retrieval,Operations Central,E016,Standard,7,1.64,94.1,No,24,14.04,22.38,Met,2026-06
WO001733,2026-06-22 04:42:24,2026-06-23 19:58:36,C002,Direct Bill Posting,Operations South,E024,Standard,14,1.50,92.6,No,48,6.42,39.27,Met,2026-06
WO001687,2026-06-22 10:00:14,2026-06-23 23:02:38,C012,Direct Bill Posting,Operations Central,E028,Standard,20,3.12,96.8,No,48,9.36,37.04,Met,2026-06
WO001667,2026-06-21 14:27:22,2026-06-24 00:15:58,C008,Policy Administration,Operations South,E002,Standard,5,2.15,92.3,No,72,25.77,57.81,Met,2026-06
WO000559,2026-06-22 16:48:24,2026-06-24 10:32:12,C010,Policy Checking,Operations Central,E028,Standard,3,2.34,99.7,No,72,46.71,41.73,Met,2026-06
WO001378,2026-06-23 06:32:22,2026-06-24 12:57:34,C014,Policy Administration,Operations Central,E033,Standard,3,0.81,97.7,No,72,16.14,30.42,Met,2026-06
WO000074,2026-06-22 18:57:01,2026-06-24 14:29:25,C009,Document Retrieval,Operations South,E020,Standard,3,0.61,97.6,No,24,12.17,43.54,Not Met,2026-06
WO000742,2026-06-22 21:59:41,2026-06-24 15:21:17,C012,Policy Administration,Operations North,E023,Standard,4,1.63,99.7,No,72,24.42,41.36,Met,2026-06
WO000428,2026-06-23 22:29:16,2026-06-24 20:40:04,C003,Policy Checking,Operations North,E001,Standard,2,1.33,99.1,No,72,39.77,22.18,Met,2026-06
WO001374,2026-06-23 23:57:47,2026-06-25 16:32:35,C006,Policy Administration,Operations Central,E034,Standard,4,1.76,98.0,No,72,26.40,40.58,Met,2026-06
WO000801,2026-06-23 10:53:04,2026-06-26 01:53:04,C012,Certificate Issuance,Operations North,E013,Standard,1,0.39,91.6,No,48,23.67,63.00,Not Met,2026-06
